"ID","Regions","spl_area_2008-2009","spl_2008-12-04","spl_2008-12-11","spl_area_2009-2010","spl_2009-09-24","spl_2009-10-01","spl_2009-10-08","spl_2009-10-15","spl_2009-10-22","spl_2009-10-29","spl_2009-11-05","spl_2009-11-12","spl_2009-11-19","spl_2009-11-26","spl_2009-12-03","spl_area_2010-2011","spl_2010-09-30","spl_2010-10-07","spl_2010-10-14","spl_2010-10-21","spl_2010-10-28","spl_2010-11-04","spl_2010-11-11","spl_2010-11-18","spl_2010-11-25","spl_2010-12-02","spl_area_2011-2012","spl_2011-09-29","spl_2011-10-06","spl_2011-10-13","spl_2011-10-20","spl_2011-10-27","spl_2011-11-03","spl_2011-11-10","spl_2011-11-17","spl_2011-11-24","spl_2011-12-01","spl_area_2012-2013","spl_2012-09-20","spl_2012-09-27","spl_2012-10-04","spl_2012-10-11","spl_2012-10-18","spl_2012-10-25","spl_2012-11-01","spl_2012-11-08","spl_2012-11-15","spl_2012-11-22","spl_2012-11-23","spl_area_2013-2014","spl_2013-09-19","spl_2013-09-26","spl_2013-10-03","spl_2013-10-10","spl_2013-10-17","spl_2013-10-24","spl_2013-10-31","spl_2013-11-07","spl_2013-11-14","spl_2013-11-21"," 2013-11-28","spl_2013-12-05","spl_area_2014-2015","spl_2014-09-18","spl_2014-09-25","spl_2014-10-02","spl_2014-10-09","spl_2014-10-16","spl_2014-10-23","spl_2014-10-30","spl_2014-11-06","spl_2014-11-13","spl_2014-11-20","spl_2014-11-27","spl_2014-12-04","spl_2014-12-11","sha_area_2008-2009","sha_2009-01-09","sha_2009-01-15","sha_2009-01-22","sha_2009-01-29","sha_2009-02-05","sha_2009-02-11","sha_2009-02-19","sha_2009-02-26","sha_2009-03-05","sha_2009-03-10","sha_2009-03-19","sha_2009-03-25","sha_2009-04-01","sha_2009-04-09","sha_area_2009-2010","sha_2010-01-07","sha_2010-01-14","sha_2010-01-21","sha_2010-01-28","sha_2010-02-04","sha_2010-02-11","sha_2010-02-18","sha_2010-02-25","sha_2010-03-04","sha_2010-03-11","sha_2010-03-18","sha_2010-03-25","sha_2010-03-31","sha_2010-04-07","sha_2010-04-15","sha_area_2010-2011","sha_2011-01-06","sha_2011-01-13","sha_2011-01-20","sha_2011-01-27","sha_2011-02-03","sha_2011-02-10","sha_2011-02-17","sha_2011-02-24","sha_2011-03-03","sha_2011-03-10","sha_2011-03-17","sha_2011-03-24","sha_2011-03-31","sha_2011-04-07","sha_2011-04-14","sha_area_2011-2012","sha_2012-01-05","sha_2012-01-12","sha_2012-01-19","sha_2012-01-26","sha_2012-02-02","sha_2012-02-09","sha_2012-02-16","sha_2012-02-23","sha_2012-03-01","sha_2012-03-09","sha_2012-03-16","sha_2012-03-23","sha_2012-03-30","sha_2012-04-06","sha_2012-04-13","sha_area_2012-2013","sha_2013-01-10","sha_2013-01-17","sha_2013-01-24","sha_2013-01-31","sha_2013-02-07","sha_2013-02-14","sha_2013-02-21","sha_2013-02-28","sha_2013-03-07","sha_2013-03-14","sha_2013-03-21","sha_2013-03-28","sha_2013-04-04","sha_2013-04-11","sha_2013-04-18","sha_area_2013-2014","sha_2014-01-09","sha_2014-01-16","sha_2014-01-23","sha_2014-01-30","sha_2014-02-06","sha_2014-02-13","sha_2014-02-20","sha_2014-02-27","sha_2014-03-06","sha_2014-03-13","sha_2014-03-20","sha_2014-03-27","sha_2014-04-03","sha_2014-04-10","sha_2014-04-17","sha_area_2014-2015","sha_2015-01-08","sha_2015-01-15","sha_2015-01-22","sha_2015-01-29","sha_2015-02-05","sha_2015-02-12","sha_2015-02-19","sha_2015-02-26","sha_2015-03-05","sha_2015-03-12","sha_2015-03-19","sha_2015-03-26","sha_2015-04-02","sha_2015-04-09","sha_2015-04-16","sha_2015-04-23","sha_2015-04-30","mpl_area_2008-2009","mpl_2009-01-22","mpl_2009-01-29","mpl_2009-02-05","mpl_2009-02-12","mpl_2009-02-19","mpl_2009-02-25","mpl_2009-03-05","mpl_2009-03-10","mpl_2009-03-19","mpl_area_2009-2010","mpl_2010-01-14","mpl_2010-01-21","mpl_2010-01-28","mpl_2010-02-04","mpl_2010-02-11","mpl_2010-02-18","mpl_2010-02-25","mpl_2010-03-04","mpl_2010-03-11","mpl_2010-03-18","mpl_area_2010-2011","mpl_2011-01-27","mpl_2011-02-03","mpl_2011-02-10","mpl_2011-02-17","mpl_2011-02-24","mpl_2011-03-03","mpl_2011-03-10","mpl_2011-03-17","mpl_2011-03-24","mpl_area_2011-2012","mpl_2012-01-12","mpl_2012-01-19","mpl_2012-01-26","mpl_2012-02-02","mpl_2012-02-09","mpl_2012-02-16","mpl_2012-02-23","mpl_2012-03-01","mpl_2012-03-08","mpl_2012-03-15","mpl_area_2012-2013","mpl_2013-01-10","mpl_2013-01-17","mpl_2013-01-24","mpl_2013-01-31","mpl_2013-02-07","mpl_2013-02-14","mpl_2013-02-21","mpl_2013-02-28","mpl_2013-03-07","mpl_2013-03-14","mpl_area_2013-2014","mpl_2014-01-16","mpl_2014-01-23","mpl_2014-01-30","mpl_2014-02-06","mpl_2014-02-13","mpl_2014-02-20","mpl_2014-02-27","mpl_2014-03-06","mpl_2014-03-13","mpl_2014-03-20","mpl_2014-03-27","mpl_area_2014-2015","mpl_2015-01-16","mpl_2015-01-22","mpl_2015-01-29","mpl_2015-02-05","mpl_2015-02-12","mpl_2015-02-19","mpl_2015-02-26","mpl_2015-03-05","mpl_2015-03-12","mpl_2015-03-19","mha_area_2008-2009","mha_2009-06-11","mha_2009-06-18","mha_2009-06-25","mha_2009-07-02","mha_2009-07-09","mha_2009-07-16","mha_2009-07-23","mha_2009-07-30","mha_2009-08-06","mha_2009-08-13","mha_2009-08-20","mha_2009-08-27","mha_area_2009-2010","mha_2010-06-02","mha_2010-06-10","mha_2010-06-17","mha_2010-06-24","mha_2010-07-01","mha_2010-07-08","mha_2010-07-15","mha_2010-07-22","mha_2010-07-29","mha_2010-08-05","mha_2010-08-12","mha_area_2010-2011","mha_2011-06-09","mha_2011-06-16","mha_2011-06-23","mha_2011-06-30","mha_2011-07-07","mha_2011-07-14","mha_2011-07-21","mha_2011-07-28","mha_2011-08-04","mha_2011-08-11","mha_2011-08-18","mha_area_2011-2012","mha_2012-05-24","mha_2012-05-31","mha_2012-06-07","mha_2012-06-14","mha_2012-06-21","mha_2012-06-28","mha_2012-07-05","mha_2012-07-12","mha_2012-07-19","mha_2012-07-26","mha_2012-08-02","mha_2012-08-09","mha_2012-08-16","mha_2012-08-23","mha_area_2012-2013","mha_2013-06-06","mha_2013-06-13","mha_2013-06-20","mha_2013-06-27","mha_2013-07-04","mha_2013-07-11","mha_2013-07-18","mha_2013-07-25","mha_2013-08-01","mha_2013-08-08","mha_2013-08-15","mha_2013-08-22","mha_2013-08-29","mha_2013-09-05","mha_area_2013-2014","mha_2014-06-05","mha_2014-06-12","mha_2014-06-18","mha_2014-06-26","mha_2014-07-03","mha_2014-07-10","mha_2014-07-17","mha_2014-07-24","mha_2014-07-31","mha_2014-08-07","mha_2014-08-14","mha_2014-08-21","mha_2014-08-28","mha_2014-09-04"
1,"Noroeste",256991,1,1,241200,0.006,0.036,0.117,0.163,0.291,0.407,0.646,0.809,0.917,1,1,261200,0,0,0.015,0.066,0.177,0.327,0.599,0.72,0.844,1,271648,0.01,0.02,0.134,0.164,0.446,0.637,0.734,0.855,0.95,1,415480,0.005,0.015,0.025,0.08,0.18,0.35,0.45,0.69,0.8,0.92,1,535051,0.004,0.005,0.008,0.07,0.196,0.42,0.66,0.86,0.99,0.999,1,1,608298,0.001,0.004,0.008,0.078,0.088,0.204,0.338,0.661,0.808,0.894,0.974,0.997,1,256991,0.006,0,0,0.025,0.035,0.12,0.135,0.235,0.415,0.574,0.75,0.845,0.906,0.99,261200,0,0,0.01,0.091,0.166,0.201,0.266,0.364,0.464,0.609,0.929,0.986,1,1,1,261200,0,0,0,0.013,0.071,0.111,0.289,0.379,0.434,0.546,0.636,0.742,0.924,0.989,1,340000,0,0,0.005,0.014,0.08,0.2,0.316,0.438,0.538,0.738,0.822,0.922,0.966,1,1,415480,0,0.005,0.04,0.1,0.13,0.22,0.3,0.42,0.58,0.78,0.91,0.97,0.99,1,1,535051,0,0.009,0.028,0.112,0.194,0.35,0.556,0.65,0.7,0.77,0.9,0.96,0.98,1,1,568638,0.006,0.027,0.067,0.077,0.127,0.184,0.238,0.42,0.512,0.674,0.804,0.884,0.97,0.98,0.997,1,1,"60050","0","0.013","0.12","0.18","0.22","0.64","0.72","0.82","0.99",77150,0.01,0.016,0.085,0.202,0.476,0.752,0.901,0.951,0.995,1,60400,0.003,0.005,0.126,0.303,0.471,0.821,0.968,1,1,67800,0,0,0,0.1,0.472,0.576,0.848,0.98,1,1,75160,0,0,0.01,0.08,0.18,0.28,0.52,0.87,0.98,1,133130,0.001,0.002,0.03,0.057,0.367,0.474,0.65,0.937,0.973,0.993,1,117008,0,0,0.01,0.06,0.12,0.2,0.8,0.96,0.994,1,"60150","0","0.02","0.04","0.14","0.24","0.39","0.49","0.76","0.93","0.99","1","1","113250","0.01","0.03","0.05","0.168","0.331","0.568","0.735","0.848","0.918","0.984","1",58400,0.005,0.01,0.044,0.127,0.189,0.289,0.6,0.857,1,1,1,67800,0,0,0.005,0.015,0.052,0.09,0.2,0.35,0.55,0.693,0.885,0.979,1,1,143870,0,0,0.005,0.045,0.131,0.331,0.411,0.557,0.725,0.913,0.953,0.973,1,1,142143,0.007,0.017,0.034,0.054,0.154,0.27,0.4,0.588,0.669,0.869,0.958,0.984,1,1
2,"Brasnorte",146382,1,1,140000,0.01,0.04,0.13,0.18,0.3,0.42,0.68,0.83,0.93,1,1,140000,0,0,0.02,0.08,0.2,0.35,0.65,0.78,0.9,1,145600,0.01,0.02,0.12,0.155,0.4,0.6,0.72,0.86,0.95,1,164949,0.005,0.015,0.025,0.08,0.18,0.35,0.45,0.69,0.8,0.92,1,218830,0.005,0.005,0.008,0.07,0.22,0.45,0.66,0.86,0.99,0.999,1,1,229771,0.002,0.005,0.01,0.09,0.1,0.21,0.35,0.68,0.82,0.9,0.98,1,1,146382,0.01,0,0,0.03,0.04,0.14,0.15,0.25,0.4,0.55,0.76,0.86,0.93,0.99,140000,0,0,0.01,0.1,0.18,0.22,0.28,0.35,0.45,0.6,0.95,0.99,1,1,1,140000,0,0,0,0.02,0.08,0.12,0.28,0.37,0.42,0.5,0.58,0.71,0.91,0.98,1,135000,0,0,0.005,0.02,0.08,0.2,0.31,0.42,0.52,0.72,0.81,0.91,0.96,1,1,164949,0,0.005,0.04,0.1,0.13,0.22,0.3,0.42,0.58,0.78,0.91,0.97,0.99,1,1,218830,0,0.015,0.04,0.13,0.2,0.35,0.55,0.65,0.7,0.77,0.9,0.96,0.98,1,1,225395,0.008,0.03,0.07,0.08,0.13,0.19,0.25,0.43,0.53,0.68,0.81,0.89,0.97,0.98,1,1,1,"18000","0","0.02","0.18","0.26","0.28","0.7","0.76","0.84","1",40000,0.01,0.02,0.1,0.25,0.5,0.8,0.92,0.98,1,1,35000,0.005,0.008,0.15,0.32,0.45,0.8,0.96,1,1,25000,0,0,0,0.1,0.51,0.62,0.88,0.98,1,1,27714,0,0,0.01,0.08,0.18,0.28,0.52,0.87,0.98,1,45954,0.002,0.005,0.05,0.07,0.4,0.5,0.65,0.95,0.98,1,1,45079,0,0,0.01,0.03,0.12,0.2,0.8,0.96,1,1,"23000","0","0.03","0.05","0.15","0.26","0.38","0.5","0.75","0.9","0.98","1","1","40000","0.01","0.03","0.05","0.2","0.35","0.6","0.8","0.9","0.95","0.99","1",25000,0.005,0.01,0.05,0.15,0.2,0.3,0.6,0.8,1,1,1,25000,0,0,0.005,0.015,0.055,0.09,0.2,0.35,0.55,0.68,0.86,0.96,1,1,51891,0,0,0.005,0.035,0.15,0.35,0.43,0.57,0.68,0.9,0.94,0.96,1,1,54707,0.01,0.02,0.04,0.06,0.16,0.27,0.4,0.6,0.7,0.9,0.97,0.99,1,1
3,"Others_Noroeste",110609,1,1,101200,0,0.03,0.1,0.14,0.28,0.39,0.6,0.78,0.9,1,1,121200,0,0,0.01,0.05,0.15,0.3,0.54,0.65,0.78,1,126048,0.01,0.02,0.15,0.175,0.5,0.68,0.75,0.85,0.95,1,250531,0.005,0.015,0.025,0.08,0.18,0.35,0.45,0.69,0.8,0.92,1,316222,0.003,0.003,0.008,0.07,0.18,0.4,0.64,0.85,0.95,0.99,0.995,1,378526,0.001,0.003,0.007,0.07,0.08,0.2,0.33,0.65,0.8,0.89,0.97,0.995,1,110609,0,0,0,0.02,0.03,0.1,0.12,0.22,0.43,0.6,0.74,0.83,0.88,0.99,121200,0,0,0.01,0.08,0.15,0.18,0.25,0.38,0.48,0.62,0.92,0.98,1,1,1,121200,0,0,0,0.005,0.06,0.1,0.3,0.39,0.45,0.6,0.7,0.78,0.94,1,1,205000,0,0,0.005,0.01,0.08,0.2,0.32,0.45,0.55,0.75,0.83,0.93,0.97,1,1,250531,0,0.005,0.04,0.1,0.13,0.22,0.3,0.42,0.58,0.78,0.91,0.97,0.99,1,1,316222,0,0.005,0.02,0.1,0.19,0.35,0.56,0.65,0.7,0.77,0.9,0.96,0.98,1,1,343243,0.005,0.025,0.065,0.075,0.125,0.18,0.23,0.413,0.5,0.67,0.8,0.88,0.97,0.98,0.995,1,1,"42050","0","0.01","0.1","0.15","0.18","0.6","0.7","0.8","0.99",37150,0.01,0.015,0.08,0.15,0.45,0.7,0.88,0.92,0.99,1,25400,0,0.002,0.1,0.28,0.5,0.85,0.98,1,1,42800,0,0,0,0.1,0.45,0.55,0.83,0.98,1,1,47446,0,0,0.01,0.08,0.18,0.28,0.52,0.87,0.98,1,87176,0,0.001,0.02,0.05,0.35,0.46,0.65,0.93,0.97,0.99,1,71929,0,0,0.01,0.06,0.12,0.2,0.8,0.96,0.99,1,"37150","0","0.02","0.03","0.13","0.23","0.39","0.49","0.77","0.95","0.99","1","1","73250","0.01","0.03","0.05","0.15","0.32","0.55","0.7","0.82","0.9","0.98","1",33400,0.005,0.01,0.04,0.11,0.18,0.28,0.6,0.9,1,1,1,42800,0,0,0.005,0.015,0.05,0.09,0.2,0.35,0.55,0.7,0.9,0.99,1,1,91979,0,0,0.005,0.05,0.12,0.32,0.4,0.55,0.75,0.92,0.96,0.98,1,1,87436,0.005,0.015,0.03,0.05,0.15,0.27,0.4,0.58,0.65,0.85,0.95,0.98,1,1
4,"Norte",32900,1,1,32000,0.012,0.04,0.091,0.143,0.291,0.419,0.639,0.923,0.971,1,1,44000,0,0.01,0.037,0.14,0.328,0.498,0.728,0.868,0.954,1,42000,0.01,0.027,0.141,0.191,0.614,0.816,0.913,0.99,1,1,127897,0.006,0.016,0.106,0.206,0.343,0.55,0.75,0.9,0.99,1,1,143509,0.004,0.006,0.007,0.093,0.207,0.486,0.506,0.743,0.85,0.9,0.98,1,200301,0.001,0.003,0.034,0.052,0.052,0.122,0.264,0.462,0.684,0.844,0.936,0.96,1,32900,0,0,0.015,0.025,0.125,0.19,0.205,0.361,0.585,0.7,0.815,0.91,0.975,1,44000,0,0.01,0.066,0.086,0.19,0.256,0.394,0.578,0.684,0.834,0.967,0.99,1,1,1,39000,0,0,0,0.02,0.053,0.107,0.207,0.304,0.461,0.537,0.707,0.854,0.938,0.984,1,86300,0,0.002,0.007,0.034,0.09,0.186,0.286,0.512,0.612,0.732,0.838,0.942,0.986,1,1,127897,0,0.01,0.05,0.15,0.18,0.24,0.43,0.6,0.76,0.94,0.99,1,1,1,1,146821,0,0,0,0.023,0.073,0.2,0.283,0.394,0.614,0.75,0.9,0.93,0.97,0.99,1,212760,0.002,0.008,0.042,0.058,0.098,0.166,0.174,0.404,0.492,0.734,0.902,0.94,0.98,0.99,0.998,1,1,"5940","0","0.001","0.09","0.15","0.2","0.82","0.91","0.98","1",4900,0.01,0.03,0.15,0.5,0.662,0.812,0.957,1,1,1,13608,0.001,0.025,0.157,0.333,0.399,0.716,0.863,1,1,14650,0,0,0.002,0.12,0.487,0.587,0.827,0.96,1,1,22503,0,0.005,0.01,0.12,0.22,0.35,0.6,0.9,1,1,38108,0,0,0,0.033,0.315,0.472,0.579,0.962,1,1,1,42552,0,0.003,0.006,0.15,0.18,0.3,0.4,0.7,0.992,1,"4900","0","0.05","0.14","0.25","0.42","0.52","0.59","0.92","0.99","1","1","1","8700","0.031","0.071","0.143","0.329","0.529","0.95","0.98","0.99","1","1","1",13608,0.005,0.013,0.063,0.187,0.36,0.55,0.8,0.97,1,1,1,14650,0,0,0.01,0.025,0.072,0.13,0.23,0.487,0.613,0.743,0.9,0.99,1,1,49880,0,0.005,0.01,0.064,0.165,0.356,0.586,0.729,0.772,0.9,0.944,0.983,1,1,45235,0.001,0.043,0.053,0.063,0.185,0.293,0.413,0.563,0.713,0.813,0.855,0.993,1,1
5,"Itauba",16800,1,1,18000,0.02,0.04,0.1,0.16,0.3,0.45,0.63,0.94,0.98,1,1,30000,0,0.01,0.04,0.15,0.35,0.52,0.75,0.9,0.97,1,30000,0.01,0.03,0.15,0.2,0.6,0.81,0.91,0.99,1,1,37012,0.01,0.02,0.12,0.22,0.35,0.55,0.75,0.9,0.99,1,1,39765,0.005,0.007,0.008,0.1,0.2,0.5,0.52,0.75,0.85,0.9,0.98,1,42717,0.002,0.005,0.05,0.06,0.06,0.13,0.28,0.47,0.7,0.82,0.92,0.96,1,16800,0,0,0.03,0.04,0.15,0.2,0.22,0.42,0.62,0.72,0.8,0.89,0.97,1,30000,0,0.01,0.05,0.07,0.18,0.25,0.4,0.6,0.7,0.85,0.98,0.99,1,1,1,25000,0,0,0,0.02,0.05,0.1,0.2,0.3,0.45,0.53,0.7,0.85,0.92,0.98,1,35000,0,0.005,0.01,0.04,0.09,0.18,0.28,0.5,0.6,0.72,0.82,0.93,0.98,1,1,37012,0,0.01,0.05,0.15,0.18,0.24,0.43,0.6,0.76,0.94,0.99,1,1,1,1,40683,0,0,0,0.03,0.08,0.2,0.29,0.38,0.6,0.75,0.9,0.93,0.97,0.99,1,41903,0,0.006,0.03,0.05,0.09,0.15,0.19,0.42,0.5,0.75,0.91,0.94,0.98,0.99,1,1,1,"1200","0","0.005","0.13","0.2","0.3","0.9","0.95","0.98","1",1200,0.01,0.03,0.15,0.5,0.7,0.85,0.98,1,1,1,4500,0.005,0.01,0.18,0.4,0.6,0.95,0.99,1,1,4900,0,0,0.005,0.12,0.46,0.56,0.82,0.96,1,1,7527,0,0.005,0.01,0.12,0.22,0.35,0.6,0.9,1,1,11134,0,0,0.001,0.04,0.35,0.5,0.6,0.99,1,1,1,8381,0,0.005,0.01,0.15,0.18,0.3,0.4,0.7,1,1,"1200","0","0.03","0.12","0.23","0.4","0.5","0.57","0.9","0.97","1","1","1","5000","0.04","0.08","0.16","0.35","0.55","0.95","0.98","0.99","1","1","1",4500,0.005,0.02,0.07,0.2,0.38,0.55,0.8,0.95,1,1,1,4900,0,0,0.01,0.025,0.075,0.13,0.23,0.5,0.62,0.75,0.9,0.99,1,1,14838,0,0.005,0.01,0.05,0.2,0.37,0.6,0.75,0.8,0.9,0.93,0.99,1,1,12205,0.005,0.05,0.06,0.07,0.2,0.3,0.45,0.6,0.75,0.85,0.87,1,1,1
6,"Others_Norte",16100,1,1,14000,0,0.04,0.08,0.12,0.28,0.38,0.65,0.9,0.96,1,1,14000,0,0.01,0.03,0.12,0.28,0.45,0.68,0.8,0.92,1,12000,0.01,0.02,0.12,0.17,0.65,0.83,0.92,0.99,1,1,90885,0.005,0.015,0.1,0.2,0.34,0.55,0.75,0.9,0.99,1,1,103744,0.003,0.006,0.007,0.09,0.21,0.48,0.5,0.74,0.85,0.9,0.98,1,157585,0.001,0.003,0.03,0.05,0.05,0.12,0.26,0.46,0.68,0.85,0.94,0.96,1,16100,0,0,0,0.01,0.1,0.18,0.19,0.3,0.55,0.68,0.83,0.93,0.98,1,14000,0,0.01,0.1,0.12,0.21,0.27,0.38,0.53,0.65,0.8,0.96,0.99,1,1,1,14000,0,0,0,0.02,0.06,0.12,0.22,0.31,0.48,0.55,0.72,0.86,0.97,0.99,1,51300,0,0,0.005,0.03,0.09,0.19,0.29,0.52,0.62,0.74,0.85,0.95,0.99,1,1,90885,0,0.01,0.05,0.15,0.18,0.24,0.43,0.6,0.76,0.94,0.99,1,1,1,1,106138,0,0,0,0.02,0.07,0.2,0.28,0.4,0.62,0.75,0.9,0.93,0.97,0.99,1,170857,0.002,0.008,0.045,0.06,0.1,0.17,0.17,0.4,0.49,0.73,0.9,0.94,0.98,0.99,0.997,1,1,"4740","0","0","0.08","0.14","0.18","0.8","0.9","0.98","1",3700,0.01,0.03,0.15,0.5,0.65,0.8,0.95,1,1,1,9108,0,0.03,0.15,0.3,0.3,0.6,0.8,1,1,9750,0,0,0,0.12,0.5,0.6,0.83,0.96,1,1,14976,0,0.005,0.01,0.12,0.22,0.35,0.6,0.9,1,1,26973,0,0,0,0.03,0.3,0.46,0.57,0.95,1,1,1,34171,0,0.002,0.005,0.15,0.18,0.3,0.4,0.7,0.99,1,"3700","0","0.05","0.15","0.26","0.43","0.53","0.59","0.93","0.99","1","1","1","3700","0.02","0.06","0.12","0.3","0.5","0.95","0.98","0.99","1","1","1",9108,0.005,0.01,0.06,0.18,0.35,0.55,0.8,0.98,1,1,1,9750,0,0,0.01,0.025,0.07,0.13,0.23,0.48,0.61,0.74,0.9,0.99,1,1,35042,0,0.005,0.01,0.07,0.15,0.35,0.58,0.72,0.76,0.9,0.95,0.98,1,1,33031,0,0.04,0.05,0.06,0.18,0.29,0.4,0.55,0.7,0.8,0.85,0.99,1,1
7,"Nordeste",454454,0.807,0.98,577200,0,0,0,0.01,0.055,0.106,0.189,0.318,0.482,0.7015,0.9006,652200,0,0,0.004,0.031,0.09,0.25,0.468,0.676,0.806,0.95,884200,0,0,0.041,0.104,0.235,0.328,0.512,0.716,0.9,0.98,1200834,0,0,0,0.007,0.035,0.117,0.193,0.398,0.547,0.888,1,1200574,0,0,0.001,0.015,0.034,0.196,0.333,0.532,0.681,0.841,0.965,1,1341790,0,0,0,0.014,0.017,0.047,0.182,0.305,0.576,0.779,0.92,0.972,1,454454,0,0,0,0,0.019,0.064,0.08,0.107,0.197,0.281,0.4,0.539,0.62,0.749,617350,0,0,0.004,0.024,0.044,0.074,0.111,0.184,0.243,0.355,0.654,0.866,0.935,0.955,0.978,694200,0,0,0.004,0.014,0.035,0.062,0.095,0.156,0.25,0.324,0.482,0.646,0.746,0.862,0.961,953800,0,0,0.005,0.03,0.077,0.179,0.28,0.355,0.458,0.55,0.689,0.766,0.857,0.958,1,1200843,0,0,0.004,0.02,0.054,0.109,0.212,0.356,0.44,0.544,0.686,0.816,0.953,0.988,1,1200574,0,0.011,0.022,0.035,0.079,0.137,0.248,0.357,0.446,0.566,0.717,0.818,0.933,0.992,1,1391763,0,0.006,0.01,0.018,0.044,0.083,0.155,0.304,0.407,0.599,0.7,0.771,0.892,0.93,0.978,0.989,1,"24300","0","0","0.06","0.08","0.24","0.59","0.72","0.98","1",71000,0,0.001,0.027,0.108,0.285,0.468,0.76,0.935,1,1,78000,0.008,0.011,0.043,0.467,0.61,0.98,1,1,1,126600,0,0,0.005,0.14,0.59,0.697,0.787,0.915,0.992,1,172583,0,0,0.005,0.01,0.093,0.22,0.633,0.847,0.981,1,253713,0,0.012,0.025,0.073,0.174,0.312,0.755,0.904,0.978,1,1,290859,0.001,0.006,0.022,0.035,0.149,0.401,0.728,0.958,0.993,1,"37700","0.01","0.03","0.08","0.13","0.26","0.44","0.59","0.85","0.95","0.99","1","1","76000","0.011","0.068","0.166","0.302","0.485","0.853","0.927","0.962","0.983","1","1",72000,0.011,0.024,0.038,0.146,0.214,0.329,0.546,0.716,0.919,0.992,1,126600,0,0,0.011,0.024,0.072,0.139,0.249,0.527,0.669,0.803,0.964,0.996,1,1,253461,0.004,0.013,0.023,0.086,0.157,0.327,0.454,0.706,0.822,0.907,0.95,0.979,1,1,307177,0,0.018,0.037,0.063,0.169,0.253,0.436,0.68,0.83,0.939,0.992,1,1,1
8,"Canarana",78000,0.95,1,105000,0,0,0,0.01,0.1,0.22,0.33,0.48,0.65,0.82,0.98,120000,0,0,0,0.03,0.07,0.2,0.45,0.7,0.84,0.96,144000,0,0,0.03,0.09,0.35,0.42,0.5,0.72,0.9,0.99,193658,0,0,0.001,0.01,0.03,0.09,0.13,0.4,0.52,0.86,1,204995,0,0,0,0.016,0.035,0.145,0.33,0.52,0.69,0.75,0.983,1,221395,0,0,0,0.023,0.025,0.06,0.18,0.3,0.55,0.78,0.92,0.98,1,78000,0,0,0,0,0.01,0.08,0.085,0.14,0.26,0.4,0.58,0.75,0.83,0.93,110000,0,0,0.005,0.02,0.04,0.07,0.12,0.28,0.37,0.5,0.8,0.92,0.95,0.97,0.98,127000,0,0,0.005,0.015,0.03,0.06,0.1,0.15,0.26,0.38,0.5,0.68,0.76,0.88,0.96,135750,0,0,0.005,0.02,0.09,0.19,0.28,0.35,0.44,0.52,0.69,0.77,0.85,0.95,1,193658,0,0,0.005,0.02,0.07,0.11,0.25,0.4,0.47,0.62,0.75,0.85,0.95,0.98,1,204995,0,0.025,0.03,0.06,0.11,0.17,0.3,0.4,0.5,0.62,0.74,0.86,0.94,1,1,219345,0,0.008,0.015,0.025,0.06,0.1,0.19,0.3,0.43,0.64,0.71,0.78,0.89,0.923,0.983,0.99,1,"9000","0","0","0.08","0.1","0.17","0.5","0.68","0.98","1",15000,0,0.01,0.03,0.12,0.4,0.6,0.8,0.98,1,1,15000,0.01,0.015,0.05,0.42,0.6,0.96,1,1,1,26000,0,0,0.005,0.12,0.53,0.65,0.72,0.85,1,1,35444,0,0,0.005,0.01,0.1,0.2,0.7,0.9,1,1,51249,0,0.02,0.04,0.07,0.29,0.4,0.7,0.83,0.99,1,1,46062,0.002,0.005,0.015,0.03,0.12,0.53,0.73,0.95,1,1,"9000","0.02","0.04","0.06","0.16","0.3","0.48","0.57","0.83","0.9","0.97","1","1","16000","0.01","0.1","0.22","0.35","0.55","0.85","0.92","0.94","0.97","1","1",14000,0.01,0.02,0.03,0.15,0.2,0.32,0.48,0.68,0.9,0.98,1,26000,0,0,0.015,0.03,0.065,0.13,0.23,0.45,0.6,0.75,0.99,1,1,1,43285,0,0.01,0.03,0.08,0.18,0.28,0.42,0.55,0.75,0.8,0.89,0.95,1,1,57399,0,0.03,0.07,0.1,0.2,0.28,0.51,0.75,0.95,0.98,1,1,1,1
9,"Querencia",160000,0.77,0.98,210000,0,0,0,0.01,0.05,0.1,0.16,0.28,0.45,0.68,0.88,230000,0,0,0.01,0.06,0.15,0.32,0.55,0.75,0.88,0.98,276000,0,0,0.05,0.129,0.25,0.33,0.55,0.74,0.88,0.98,326086,0,0,0,0.01,0.04,0.15,0.24,0.45,0.55,0.9,1,352142,0,0,0,0.01,0.03,0.21,0.35,0.565,0.7,0.89,0.965,1,380313,0,0,0,0.022,0.024,0.06,0.25,0.34,0.65,0.85,0.93,0.98,1,160000,0,0,0,0,0.03,0.1,0.11,0.12,0.22,0.27,0.33,0.48,0.53,0.7,220000,0,0,0.005,0.03,0.05,0.08,0.12,0.18,0.25,0.35,0.7,0.86,0.92,0.94,0.97,240000,0,0,0.005,0.02,0.04,0.06,0.09,0.17,0.23,0.27,0.42,0.61,0.73,0.84,0.95,259000,0,0,0.005,0.06,0.12,0.24,0.33,0.38,0.5,0.6,0.73,0.8,0.88,0.98,1,326086,0,0,0.005,0.04,0.08,0.13,0.23,0.35,0.45,0.61,0.76,0.86,0.96,0.99,1,352142,0,0.01,0.03,0.04,0.08,0.15,0.25,0.36,0.44,0.58,0.75,0.89,0.95,0.99,1,380313,0,0.007,0.01,0.02,0.04,0.08,0.18,0.35,0.45,0.65,0.73,0.78,0.92,0.98,0.99,0.995,1,"3200","0","0","0.09","0.16","0.22","0.6","0.68","0.99","1",30000,0,0,0.02,0.11,0.3,0.4,0.7,0.9,1,1,35000,0.01,0.012,0.05,0.4,0.55,0.98,1,1,1,45000,0,0,0.005,0.15,0.62,0.72,0.82,0.92,0.99,1,61345,0,0,0.005,0.01,0.09,0.23,0.6,0.85,0.97,1,95078,0,0.02,0.04,0.11,0.2,0.4,0.8,0.98,0.99,1,1,96135,0.002,0.01,0.04,0.06,0.2,0.5,0.79,0.98,0.99,1,"14000","0","0.02","0.1","0.14","0.27","0.46","0.65","0.9","0.98","1","1","1","30000","0.01","0.06","0.15","0.3","0.45","0.8","0.9","0.96","0.98","1","1",30000,0.01,0.03,0.04,0.14,0.22,0.33,0.52,0.7,0.92,1,1,45000,0,0,0.01,0.02,0.08,0.16,0.26,0.6,0.75,0.9,0.96,1,1,1,74776,0.01,0.02,0.025,0.11,0.17,0.34,0.48,0.71,0.83,0.95,0.97,0.99,1,1,105643,0,0.02,0.04,0.06,0.18,0.22,0.42,0.65,0.82,0.95,1,1,1,1
10,"Gaucha_do_Norte",47000,0.81,0.98,70000,0,0,0,0.01,0.03,0.08,0.16,0.25,0.38,0.62,0.9,95000,0,0,0,0.01,0.06,0.25,0.4,0.68,0.8,0.92,118000,0,0,0.04,0.1,0.18,0.3,0.5,0.72,0.92,0.99,154883,0,0,0,0.005,0.03,0.1,0.18,0.34,0.5,0.88,1,134910,0,0,0.003,0.02,0.04,0.22,0.27,0.505,0.66,0.85,0.95,1,161892,0,0,0,0,0.005,0.025,0.115,0.25,0.55,0.7,0.9,0.95,1,47000,0,0,0,0,0.01,0.04,0.12,0.13,0.18,0.27,0.4,0.5,0.58,0.72,85000,0,0,0,0.02,0.04,0.07,0.1,0.15,0.2,0.3,0.7,0.86,0.92,0.94,0.99,105000,0,0,0.005,0.01,0.04,0.068,0.09,0.13,0.24,0.27,0.43,0.63,0.73,0.86,0.97,123000,0,0,0.005,0.01,0.07,0.15,0.25,0.34,0.43,0.53,0.68,0.76,0.85,0.95,1,154883,0,0,0,0.01,0.07,0.1,0.2,0.33,0.43,0.48,0.58,0.75,0.95,0.98,1,134910,0,0,0,0.01,0.09,0.12,0.23,0.28,0.33,0.5,0.66,0.75,0.9,0.99,1,148401,0,0.003,0.005,0.01,0.025,0.05,0.1,0.25,0.33,0.5,0.66,0.74,0.84,0.85,0.95,0.97,1,"6200","0","0","0.05","0.06","0.4","0.8","0.9","0.98","1",10000,0,0,0.01,0.1,0.2,0.5,0.85,1,1,1,8000,0,0,0.03,0.6,0.7,0.99,1,1,1,10000,0,0,0,0.13,0.65,0.76,0.85,0.93,0.99,1,13632,0,0,0,0.01,0.08,0.18,0.53,0.78,0.98,1,16189,0,0,0.005,0.05,0.09,0.18,0.9,0.95,0.97,1,1,17808,0,0,0,0,0.1,0.15,0.6,0.9,1,1,"6000","0","0.02","0.07","0.1","0.2","0.4","0.6","0.8","0.99","0.99","1","1","10000","0.01","0.05","0.18","0.3","0.48","0.9","0.96","0.98","0.99","1","1",8000,0.015,0.02,0.05,0.15,0.22,0.33,0.5,0.68,0.93,1,1,10000,0,0,0.01,0.025,0.07,0.13,0.25,0.5,0.62,0.76,0.98,1,1,1,16657,0,0.01,0.015,0.06,0.12,0.35,0.45,0.85,0.9,0.99,1,1,1,1,16189,0,0.005,0.04,0.06,0.15,0.35,0.4,0.65,0.75,0.9,1,1,1,1
11,"Nova_Xavantina",33797,0.75,0.94,38000,0,0,0,0.005,0.03,0.05,0.12,0.3,0.42,0.67,0.88,40000,0,0,0,0.01,0.05,0.2,0.5,0.7,0.82,0.94,50000,0,0,0.03,0.05,0.15,0.28,0.43,0.65,0.91,0.98,56082,0,0,0,0.005,0.04,0.12,0.2,0.39,0.65,0.91,1,47065,0,0,0.005,0.02,0.038,0.21,0.33,0.53,0.68,0.85,0.95,1,50830,0,0,0,0.01,0.01,0.04,0.12,0.3,0.5,0.7,0.92,0.98,1,33797,0,0,0,0,0,0.01,0.015,0.03,0.1,0.18,0.3,0.4,0.5,0.66,38000,0,0,0.005,0.02,0.04,0.07,0.1,0.15,0.2,0.32,0.72,0.9,0.95,0.96,0.99,42000,0,0,0.005,0.01,0.05,0.08,0.1,0.18,0.28,0.35,0.58,0.68,0.77,0.86,0.96,44500,0,0,0.005,0.02,0.04,0.13,0.25,0.31,0.42,0.5,0.65,0.72,0.82,0.94,1,56082,0,0,0,0.005,0.01,0.08,0.12,0.36,0.4,0.45,0.55,0.75,0.95,1,1,47065,0,0,0,0.01,0.08,0.12,0.24,0.34,0.45,0.58,0.7,0.75,0.9,0.99,1,50830,0,0.003,0.005,0.01,0.05,0.1,0.15,0.27,0.36,0.55,0.67,0.76,0.86,0.89,0.98,0.99,1,NA,NA,NA,NA,NA,NA,NA,NA,NA,NA,3000,0,0,0.01,0.1,0.2,0.45,0.9,1,1,1,5000,0,0,0.03,0.55,0.6,0.99,1,1,1,10000,0,0,0,0.1,0.66,0.78,0.87,0.96,0.99,1,13632,0,0,0,0.01,0.08,0.18,0.5,0.75,0.98,1,12708,0,0,0.005,0.05,0.07,0.15,0.8,0.9,0.96,1,1,10166,0,0,0,0,0.1,0.15,0.7,0.98,1,1,"1000","0.02","0.03","0.04","0.05","0.17","0.35","0.53","0.99","0.99","0.99","1","1","5000","0.03","0.1","0.2","0.32","0.6","0.95","0.98","0.99","1","1","1",5000,0.01,0.02,0.05,0.15,0.25,0.35,0.5,0.72,0.95,1,1,10000,0,0,0.01,0.02,0.06,0.11,0.24,0.48,0.6,0.73,0.95,0.99,1,1,17022,0,0.01,0.015,0.06,0.12,0.35,0.45,0.8,0.85,0.95,0.96,0.98,1,1,11766,0,0,0.01,0.04,0.12,0.22,0.42,0.65,0.75,0.88,1,1,1,1
12,"Others_Nordeste",135657,0.78,0.98,154200,0,0,0,0.01,0.05,0.07,0.17,0.3,0.48,0.7,0.88,167200,0,0,0,0.01,0.05,0.2,0.4,0.55,0.68,0.92,296200,0,0,0.04,0.1,0.2,0.3,0.5,0.7,0.9,0.98,470125,0,0,0,0.005,0.035,0.11,0.19,0.38,0.56,0.89,1,461462,0,0,0.001,0.017,0.035,0.2,0.34,0.52,0.67,0.84,0.962,1,527360,0,0,0,0.01,0.012,0.04,0.16,0.3,0.55,0.76,0.92,0.97,1,135657,0,0,0,0,0.02,0.03,0.04,0.08,0.16,0.25,0.4,0.53,0.65,0.73,164350,0,0,0.005,0.02,0.04,0.07,0.1,0.15,0.18,0.3,0.72,0.9,0.95,0.97,0.98,180200,0,0,0.003,0.008,0.025,0.06,0.1,0.15,0.27,0.38,0.56,0.67,0.76,0.88,0.97,391550,0,0,0.005,0.02,0.05,0.15,0.26,0.35,0.45,0.54,0.67,0.75,0.85,0.95,1,470134,0,0,0.005,0.01,0.03,0.1,0.2,0.35,0.43,0.5,0.66,0.8,0.95,0.99,1,461462,0,0.01,0.02,0.03,0.06,0.12,0.23,0.36,0.46,0.55,0.7,0.77,0.93,0.99,1,592874,0,0.005,0.009,0.017,0.045,0.085,0.14,0.293,0.395,0.58,0.69,0.77,0.89,0.925,0.976,0.99,1,"5900","0","0","0.02","0.04","0.2","0.5","0.6","0.98","1",13000,0,0,0.03,0.1,0.2,0.45,0.75,0.9,1,1,15000,0.01,0.015,0.03,0.55,0.7,0.99,1,1,1,35600,0,0,0,0.14,0.58,0.7,0.8,0.94,0.99,1,48530,0,0,0,0.01,0.09,0.19,0.6,0.85,0.98,1,78489,0,0,0.005,0.04,0.1,0.2,0.7,0.85,0.96,1,1,120688,0,0.004,0.015,0.025,0.13,0.33,0.7,0.95,0.99,1,"7700","0","0.02","0.08","0.11","0.23","0.38","0.5","0.78","0.9","0.98","1","1","15000","0.01","0.05","0.12","0.25","0.45","0.9","0.95","0.97","0.99","1","1",15000,0.01,0.02,0.03,0.15,0.2,0.33,0.7,0.8,0.92,0.98,1,35600,0,0,0.01,0.025,0.07,0.13,0.25,0.51,0.65,0.75,0.95,0.99,1,1,101721,0.003,0.01,0.02,0.08,0.15,0.33,0.45,0.73,0.83,0.9,0.95,0.98,1,1,116180,0,0.015,0.02,0.05,0.15,0.26,0.42,0.68,0.8,0.92,0.98,1,1,1
13,"Medio_Norte",2255419,0.998,1,2440000,0.03,0.064,0.189,0.285,0.476,0.623,0.778,0.915,0.987,0.9995,1,2436000,0.003,0.019,0.086,0.193,0.362,0.555,0.781,0.926,0.981,1,2648542,0.013,0.074,0.337,0.524,0.736,0.909,0.979,0.998,1,1,3011900,0.007,0.023,0.138,0.229,0.435,0.692,0.859,0.949,0.995,1,1,2982156,0.003,0.008,0.012,0.105,0.376,0.623,0.85,0.955,0.992,1,1,1,3064076,0.003,0.02,0.063,0.092,0.103,0.223,0.473,0.796,0.915,0.971,0.996,1,1,2255419,0.008,0.013,0.035,0.059,0.129,0.222,0.26,0.48,0.643,0.768,0.904,0.959,0.987,0.996,2466000,0.017,0.028,0.075,0.109,0.203,0.308,0.438,0.631,0.764,0.885,0.975,0.991,0.995,0.998,1,2571400,0.005,0.007,0.012,0.024,0.073,0.107,0.19,0.285,0.433,0.542,0.719,0.867,0.968,0.998,1,2774300,0.004,0.015,0.029,0.061,0.109,0.273,0.39,0.621,0.776,0.9,0.971,0.998,1,1,1,3011900,0.013,0.031,0.079,0.132,0.204,0.299,0.52,0.689,0.88,0.961,0.993,1,1,1,1,3001212,0.017,0.037,0.052,0.107,0.229,0.426,0.514,0.648,0.803,0.933,0.979,0.992,0.997,1,1,3107987,0.019,0.033,0.069,0.103,0.179,0.28,0.406,0.651,0.8,0.902,0.953,0.988,0.996,0.999,1,1,1,"638400","0.01","0.022","0.17","0.29","0.42","0.78","0.9","0.99","1",835000,0.019,0.07,0.116,0.271,0.511,0.743,0.884,0.974,0.988,0.999,865500,0.016,0.044,0.146,0.349,0.475,0.81,0.954,1,1,1280400,0.003,0.009,0.03,0.131,0.459,0.622,0.867,0.966,0.997,1,1440635,0.004,0.015,0.032,0.13,0.241,0.497,0.714,0.918,0.986,1,1592262,0.007,0.042,0.083,0.163,0.512,0.62,0.763,0.932,0.98,0.998,1,1358681,0.012,0.043,0.112,0.165,0.261,0.44,0.631,0.831,0.974,1,"802000","0.04","0.09","0.15","0.3","0.5","0.63","0.79","0.91","0.98","1","1","1","982820","0.03","0.084","0.155","0.311","0.466","0.72","0.868","0.93","0.968","0.997","1",841500,0.016,0.036,0.062,0.198,0.397,0.607,0.822,0.978,1,1,1,1360400,0.002,0.005,0.019,0.049,0.083,0.153,0.296,0.547,0.709,0.844,0.926,0.993,1,1,1787240,0.011,0.036,0.055,0.162,0.287,0.446,0.679,0.855,0.899,0.949,0.979,0.994,1,1,1505383,0.017,0.031,0.06,0.112,0.283,0.452,0.629,0.81,0.914,0.983,0.997,0.998,1,1
14,"Lucas_do_Rio_Verde",225830,1,1,240000,0.07,0.12,0.3,0.5,0.7,0.86,0.93,0.99,1,1,1,235000,0.01,0.04,0.15,0.27,0.45,0.62,0.88,0.96,0.99,1,242050,0.02,0.06,0.4,0.688,0.8,0.92,1,1,1,1,266389,0.01,0.025,0.18,0.3,0.49,0.73,0.89,0.98,1,1,1,233055,0.005,0.007,0.011,0.13,0.48,0.7,0.96,0.98,1,1,1,1,234221,0.003,0.02,0.032,0.1,0.12,0.26,0.58,0.83,0.95,0.99,1,1,1,225830,0.025,0.02,0.05,0.09,0.19,0.3,0.35,0.6,0.78,0.9,0.98,0.99,1,1,240000,0.05,0.07,0.12,0.16,0.32,0.45,0.58,0.85,0.94,0.98,1,1,1,1,1,230000,0.01,0.015,0.025,0.045,0.1,0.15,0.26,0.4,0.55,0.65,0.82,0.95,0.99,1,1,242000,0.002,0.015,0.025,0.07,0.11,0.32,0.45,0.6,0.78,0.92,0.99,1,1,1,1,266389,0.03,0.04,0.09,0.17,0.24,0.39,0.61,0.85,0.97,0.99,1,1,1,1,1,233055,0.015,0.055,0.065,0.12,0.35,0.57,0.62,0.8,0.9,0.96,1,1,1,1,1,236551,0.03,0.04,0.08,0.12,0.21,0.333,0.5,0.81,0.93,0.99,1,1,1,1,1,1,1,"140000","0.02","0.035","0.2","0.33","0.48","0.7","0.85","0.99","1",150000,0.03,0.1,0.16,0.328,0.6,0.72,0.9,0.98,0.99,1,125000,0.025,0.07,0.17,0.38,0.47,0.78,0.96,1,1,169400,0.005,0.01,0.03,0.09,0.27,0.49,0.8,0.95,1,1,179391,0.015,0.02,0.06,0.08,0.15,0.37,0.5,0.9,0.99,1,170130,0.02,0.035,0.09,0.2,0.46,0.6,0.75,0.86,0.97,1,1,146662,0.01,0.033,0.06,0.11,0.29,0.52,0.73,0.8,1,1,"150000","0.03","0.1","0.16","0.26","0.5","0.63","0.8","0.92","0.99","1","1","1","150000","0.06","0.12","0.2","0.42","0.58","0.8","0.94","0.98","0.99","1","1",125000,0.02,0.04,0.06,0.2,0.38,0.58,0.85,0.98,1,1,1,169400,0.005,0.01,0.02,0.05,0.08,0.15,0.28,0.51,0.65,0.8,0.9,0.99,1,1,209773,0.02,0.045,0.05,0.25,0.35,0.44,0.8,0.91,0.94,0.98,0.99,1,1,1,151486,0.02,0.03,0.08,0.14,0.28,0.42,0.58,0.81,0.92,0.96,1,1,1,1
15,"Sorriso",575000,1,1,6e+05,0.04,0.08,0.25,0.35,0.55,0.72,0.84,0.98,1,1,1,597000,0.01,0.02,0.12,0.25,0.4,0.6,0.8,0.95,0.99,1,614000,0.02,0.1,0.4,0.6,0.78,0.92,0.98,1,1,1,633400,0.01,0.025,0.25,0.3,0.55,0.78,0.92,0.97,1,1,1,577712,0.005,0.008,0.009,0.133,0.51,0.71,0.94,0.995,1,1,1,1,580601,0.006,0.03,0.09,0.11,0.12,0.28,0.53,0.88,0.97,0.99,1,1,1,575000,0.005,0.015,0.04,0.07,0.18,0.28,0.31,0.58,0.76,0.82,0.95,0.99,1,1,6e+05,0.03,0.04,0.08,0.11,0.23,0.35,0.5,0.75,0.9,0.95,0.99,0.99,1,1,1,6e+05,0.005,0.008,0.015,0.03,0.08,0.12,0.22,0.38,0.48,0.57,0.75,0.87,0.965,1,1,614000,0.01,0.02,0.03,0.06,0.12,0.41,0.55,0.72,0.87,0.96,0.99,1,1,1,1,633400,0.03,0.04,0.1,0.18,0.27,0.3,0.58,0.83,0.95,0.98,1,1,1,1,1,577712,0.026,0.04,0.06,0.125,0.25,0.5,0.59,0.7,0.88,0.97,1,1,1,1,1,586378,0.02,0.04,0.082,0.125,0.22,0.325,0.48,0.75,0.9,0.97,0.99,1,1,1,1,1,1,"160000","0.01","0.02","0.23","0.3","0.44","0.8","0.92","1","1",220000,0.02,0.08,0.13,0.31,0.53,0.78,0.88,0.98,0.99,1,220000,0.025,0.065,0.2,0.35,0.52,0.8,0.95,1,1,380000,0.005,0.01,0.04,0.16,0.6,0.75,0.98,0.98,1,1,487130,0,0.02,0.03,0.18,0.3,0.6,0.87,0.97,0.99,1,375513,0.01,0.06,0.11,0.2,0.65,0.74,0.86,0.95,0.99,1,1,334235,0.015,0.05,0.15,0.19,0.3,0.5,0.7,0.84,0.975,1,"2e+05","0.08","0.12","0.2","0.4","0.6","0.68","0.86","0.95","0.99","1","1","1","230000","0.04","0.1","0.18","0.35","0.52","0.76","0.9","0.96","0.98","1","1",220000,0.02,0.04,0.07,0.22,0.42,0.6,0.85,1,1,1,1,460000,0,0,0.015,0.035,0.065,0.135,0.3,0.6,0.75,0.89,0.95,1,1,1,569632,0.02,0.05,0.06,0.18,0.3,0.45,0.72,0.9,0.95,0.98,0.99,1,1,1,317742,0.04,0.046,0.075,0.12,0.23,0.48,0.72,0.9,0.92,0.99,1,1,1,1
16,"Nova_Mutum",327750,0.99,1,330000,0.04,0.07,0.18,0.25,0.42,0.53,0.72,0.88,0.98,1,1,322000,0,0.02,0.06,0.14,0.35,0.55,0.8,0.94,0.98,1,331600,0.01,0.06,0.38,0.5,0.8,0.9,0.99,1,1,1,385388,0.01,0.03,0.06,0.125,0.35,0.69,0.83,0.9,0.99,1,1,382262,0.005,0.013,0.015,0.097,0.34,0.6,0.82,0.985,1,1,1,1,386084,0.002,0.02,0.04,0.09,0.1,0.24,0.45,0.8,0.93,0.98,0.995,1,1,327750,0.005,0.03,0.04,0.06,0.1,0.18,0.23,0.4,0.53,0.73,0.88,0.95,0.99,1,330000,0.01,0.02,0.09,0.12,0.19,0.3,0.4,0.55,0.68,0.82,0.98,0.99,1,1,1,340000,0.005,0.007,0.01,0.017,0.07,0.1,0.17,0.25,0.38,0.5,0.68,0.82,0.96,1,1,350000,0.005,0.015,0.03,0.05,0.08,0.2,0.32,0.52,0.7,0.85,0.96,1,1,1,1,385388,0.01,0.04,0.07,0.08,0.15,0.23,0.43,0.58,0.85,0.97,0.99,1,1,1,1,382262,0.035,0.045,0.053,0.12,0.25,0.44,0.5,0.59,0.82,0.92,0.96,0.99,1,1,1,395641,0.025,0.03,0.063,0.09,0.16,0.275,0.36,0.617,0.74,0.82,0.91,0.98,1,1,1,1,1,"60000","0.02","0.04","0.16","0.36","0.48","0.75","0.89","0.98","1",85000,0.02,0.05,0.09,0.24,0.47,0.74,0.9,0.98,0.99,1,90000,0.01,0.03,0.15,0.32,0.5,0.85,0.95,1,1,105000,0,0.02,0.03,0.08,0.35,0.5,0.7,0.95,0.99,1,111193,0.02,0.03,0.04,0.11,0.2,0.45,0.68,0.85,0.97,1,210244,0,0.056,0.09,0.17,0.43,0.55,0.73,0.96,0.98,1,1,158256,0.01,0.025,0.08,0.1,0.18,0.2,0.4,0.79,0.95,1,"80000","0.02","0.04","0.08","0.22","0.4","0.55","0.75","0.9","0.98","0.99","1","1","90000","0.03","0.08","0.15","0.25","0.4","0.7","0.88","0.93","0.97","0.99","1",85000,0.02,0.04,0.06,0.18,0.35,0.6,0.75,0.9,1,1,1,105000,0,0,0.015,0.05,0.09,0.15,0.29,0.45,0.65,0.78,0.9,0.99,1,1,130024,0.015,0.035,0.05,0.1,0.25,0.45,0.6,0.82,0.85,0.9,0.96,0.98,1,1,183486,0.04,0.045,0.06,0.11,0.31,0.41,0.52,0.69,0.86,0.99,1,1,1,1
17,"Ipiranga_do_Norte",145000,1,1,175000,0.03,0.06,0.13,0.2,0.4,0.56,0.75,0.92,0.99,1,1,172000,0,0.01,0.07,0.16,0.4,0.56,0.8,0.97,0.99,1,177150,0.01,0.08,0.32,0.63,0.76,0.88,0.96,1,1,1,240027,0.01,0.02,0.12,0.22,0.42,0.68,0.88,0.98,1,1,1,209321,0,0.01,0.02,0.1,0.33,0.7,0.83,0.965,1,1,1,1,224942,0.002,0.02,0.067,0.08,0.1,0.23,0.58,0.88,0.95,0.98,1,1,1,145000,0.005,0.01,0.02,0.03,0.15,0.2,0.22,0.45,0.6,0.78,0.94,0.97,0.99,1,175000,0.01,0.03,0.1,0.12,0.2,0.31,0.4,0.62,0.75,0.93,0.99,0.99,0.99,1,1,170000,0.003,0.005,0.01,0.03,0.09,0.11,0.2,0.26,0.42,0.58,0.75,0.89,0.97,1,1,218000,0,0.015,0.03,0.07,0.14,0.25,0.36,0.56,0.74,0.9,0.99,1,1,1,1,240027,0.015,0.025,0.07,0.13,0.18,0.32,0.52,0.65,0.88,0.98,1,1,1,1,1,224942,0.01,0.05,0.055,0.123,0.19,0.4,0.57,0.75,0.87,0.98,1,1,1,1,1,224942,0.01,0.035,0.085,0.115,0.21,0.32,0.49,0.65,0.85,0.96,0.99,1,1,1,1,1,1,"50000","0.01","0.02","0.18","0.3","0.46","0.9","0.92","0.96","1",65000,0.02,0.08,0.1,0.21,0.45,0.7,0.85,0.95,0.97,1,65000,0.01,0.04,0.15,0.32,0.43,0.85,0.95,1,1,90000,0.005,0.01,0.03,0.13,0.36,0.58,0.8,0.96,1,1,95308,0,0.005,0.02,0.09,0.2,0.41,0.62,0.8,0.98,1,125593,0.015,0.04,0.09,0.14,0.5,0.61,0.733,0.9,0.97,0.99,1,85478,0.015,0.07,0.17,0.2,0.33,0.525,0.9,0.975,1,1,"60000","0.03","0.07","0.1","0.2","0.5","0.64","0.78","0.9","0.99","1","1","1","75000","0.02","0.07","0.12","0.3","0.45","0.68","0.85","0.94","0.98","1","1",65000,0.01,0.03,0.06,0.19,0.36,0.65,0.8,0.98,1,1,1,90000,0.005,0.01,0.025,0.055,0.095,0.18,0.3,0.56,0.64,0.8,0.92,0.99,1,1,128662,0,0.02,0.05,0.2,0.38,0.65,0.74,0.84,0.88,0.95,0.99,1,1,1,112471,0,0.04,0.08,0.17,0.35,0.63,0.77,0.9,0.99,1,1,1,1,1
18,"Sinop",95000,1,1,110000,0.02,0.05,0.13,0.22,0.4,0.56,0.78,0.93,0.99,1,1,108000,0,0.02,0.08,0.2,0.32,0.54,0.7,0.9,0.98,1,111500,0.01,0.07,0.16,0.48,0.68,0.9,0.99,1,1,1,118893,0.005,0.02,0.12,0.23,0.4,0.59,0.83,0.95,1,1,1,153022,0,0.003,0.007,0.088,0.25,0.54,0.79,0.86,0.99,1,1,1,153787,0.008,0.025,0.05,0.08,0.09,0.16,0.32,0.75,0.88,0.95,1,1,1,95000,0.003,0.005,0.025,0.05,0.12,0.22,0.27,0.47,0.63,0.76,0.89,0.93,0.97,0.99,110000,0.01,0.03,0.07,0.1,0.2,0.27,0.42,0.58,0.7,0.85,0.98,0.99,0.99,1,1,108000,0.005,0.005,0.01,0.02,0.05,0.08,0.17,0.25,0.4,0.5,0.68,0.82,0.95,0.99,1,108000,0.005,0.01,0.02,0.05,0.13,0.24,0.33,0.55,0.72,0.85,0.97,1,1,1,1,118893,0.01,0.02,0.07,0.13,0.18,0.24,0.44,0.55,0.79,0.97,0.99,1,1,1,1,153022,0.007,0.03,0.043,0.08,0.18,0.33,0.42,0.56,0.68,0.88,0.95,0.99,1,1,1,156082,0.015,0.03,0.067,0.09,0.15,0.24,0.33,0.45,0.61,0.76,0.91,0.97,0.99,1,1,1,1,"30000","0.01","0.02","0.15","0.28","0.48","0.9","0.95","0.98","1",50000,0.02,0.05,0.12,0.25,0.49,0.75,0.9,0.98,0.99,1,50000,0.01,0.03,0.05,0.29,0.32,0.76,0.88,1,1,65000,0,0,0.02,0.07,0.34,0.54,0.83,0.97,1,1,68834,0,0.01,0.05,0.18,0.26,0.5,0.7,0.98,1,1,91813,0.015,0.035,0.1,0.16,0.36,0.53,0.75,0.92,0.97,1,1,65039,0.01,0.025,0.1,0.23,0.27,0.3,0.55,0.775,0.99,1,"50000","0.04","0.08","0.13","0.28","0.5","0.6","0.75","0.88","0.98","1","1","1","60000","0.04","0.08","0.18","0.35","0.43","0.62","0.8","0.88","0.94","0.99","1",45000,0.02,0.04,0.07,0.21,0.35,0.62,0.78,0.96,1,1,1,65000,0.005,0.01,0.03,0.06,0.1,0.15,0.28,0.5,0.7,0.82,0.91,1,1,1,80491,0.005,0.03,0.06,0.12,0.25,0.42,0.6,0.82,0.89,0.96,0.98,1,1,1,76511,0.005,0.035,0.05,0.09,0.3,0.35,0.53,0.79,0.94,1,1,1,1,1
19,"Tapurah",133627,1,1,120000,0.01,0.03,0.18,0.25,0.42,0.58,0.75,0.88,0.97,1,1,128000,0,0.01,0.08,0.18,0.42,0.6,0.76,0.94,0.98,1,131900,0.01,0.05,0.35,0.47,0.71,0.88,0.95,1,1,1,165105,0,0.015,0.09,0.18,0.35,0.58,0.8,0.93,0.99,1,1,169781,0,0.005,0.007,0.105,0.3,0.525,0.83,0.93,1,1,1,1,171478,0.003,0.025,0.07,0.09,0.1,0.2,0.4,0.7,0.86,0.95,1,1,1,133627,0.02,0.02,0.03,0.05,0.06,0.13,0.17,0.35,0.49,0.66,0.82,0.9,0.98,1,130000,0.01,0.02,0.04,0.07,0.14,0.24,0.38,0.52,0.6,0.75,0.97,0.99,0.99,1,1,130000,0.005,0.007,0.01,0.015,0.04,0.06,0.15,0.2,0.33,0.45,0.6,0.86,0.95,0.99,1,150000,0.01,0.04,0.05,0.09,0.12,0.24,0.33,0.6,0.74,0.9,0.97,1,1,1,1,165105,0.007,0.02,0.07,0.17,0.2,0.35,0.57,0.7,0.82,0.93,0.99,1,1,1,1,169781,0.018,0.025,0.043,0.11,0.17,0.45,0.48,0.56,0.75,0.9,0.97,1,1,1,1,178270,0.01,0.02,0.03,0.05,0.11,0.18,0.3,0.65,0.72,0.85,0.9,0.96,0.99,1,1,1,1,"40000","0","0.01","0.05","0.2","0.38","0.85","0.93","0.99","1",30000,0.02,0.05,0.06,0.35,0.6,0.78,0.9,0.98,0.99,1,40000,0.01,0.03,0.06,0.29,0.4,0.75,0.95,1,1,50000,0.005,0.01,0.04,0.07,0.48,0.6,0.84,0.97,1,1,52949,0,0.005,0.03,0.11,0.26,0.5,0.7,0.96,1,1,76401,0,0.03,0.08,0.125,0.49,0.53,0.63,0.99,1,1,1,53481,0.005,0.025,0.03,0.175,0.265,0.45,0.6,0.9,0.99,1,"30000","0.04","0.08","0.13","0.26","0.4","0.58","0.78","0.93","0.98","1","1","1","42000","0.01","0.06","0.12","0.3","0.45","0.85","0.92","0.98","0.99","1","1",32000,0.01,0.03,0.07,0.21,0.4,0.65,0.84,0.98,1,1,1,50000,0,0.005,0.02,0.05,0.11,0.2,0.32,0.54,0.72,0.85,0.92,0.99,1,1,90109,0,0.02,0.06,0.2,0.35,0.55,0.7,0.87,0.95,0.99,1,1,1,1,67912,0,0.01,0.07,0.12,0.23,0.31,0.55,0.93,0.99,1,1,1,1,1
20,"Santa_Rita_do_Trivelato",140590,1,1,140000,0.005,0.03,0.12,0.23,0.4,0.5,0.68,0.86,0.98,1,1,138000,0,0.01,0.06,0.12,0.25,0.46,0.7,0.9,0.99,1,142200,0.01,0.05,0.3,0.42,0.65,0.9,0.96,1,1,1,176205,0.005,0.03,0.06,0.15,0.35,0.6,0.82,0.95,1,1,1,153077,0.005,0.007,0.017,0.08,0.21,0.575,0.84,0.93,0.98,0.995,1,1,159200,0.003,0.01,0.015,0.035,0.04,0.13,0.3,0.7,0.83,0.95,0.99,1,1,140590,0.005,0.01,0.03,0.06,0.08,0.17,0.18,0.35,0.48,0.72,0.85,0.93,0.97,0.99,140000,0.01,0.01,0.04,0.06,0.17,0.25,0.35,0.5,0.68,0.8,0.97,0.99,0.99,0.99,1,160000,0,0,0.005,0.008,0.015,0.05,0.12,0.16,0.32,0.42,0.6,0.8,0.938,0.99,1,160000,0,0.005,0.02,0.05,0.09,0.2,0.3,0.6,0.76,0.88,0.95,1,1,1,1,176205,0,0.015,0.06,0.09,0.13,0.25,0.51,0.66,0.85,0.94,0.99,1,1,1,1,153077,0.003,0.02,0.04,0.06,0.17,0.47,0.51,0.58,0.68,0.9,0.95,0.97,0.99,1,1,159965,0.03,0.035,0.045,0.065,0.12,0.19,0.24,0.38,0.58,0.75,0.9,0.98,0.99,0.997,1,1,1,NA,NA,NA,NA,NA,NA,NA,NA,NA,NA,30000,0.02,0.04,0.06,0.26,0.45,0.7,0.88,0.97,0.99,1,38000,0.005,0.015,0.08,0.35,0.42,0.85,0.98,1,1,60000,0,0.005,0.02,0.12,0.45,0.65,0.86,0.98,1,1,63539,0,0.005,0.02,0.1,0.2,0.4,0.62,0.85,0.98,1,79600,0,0.02,0.04,0.12,0.58,0.67,0.8,0.9,0.97,1,1,30723,0.005,0.01,0.03,0.09,0.13,0.2,0.4,0.6,0.98,1,NA,NA,NA,NA,NA,NA,NA,NA,NA,NA,NA,NA,NA,NA,NA,NA,NA,NA,NA,NA,NA,NA,NA,NA,NA,35000,0.01,0.03,0.05,0.18,0.5,0.68,0.82,1,1,1,1,60000,0,0.005,0.025,0.055,0.12,0.2,0.35,0.56,0.74,0.85,0.95,1,1,1,74300,0,0.02,0.05,0.09,0.18,0.3,0.5,0.75,0.78,0.83,0.97,0.99,1,1,102561,0.01,0.02,0.04,0.07,0.38,0.45,0.5,0.6,0.75,0.94,0.98,0.99,1,1
21,"Nova_Ubirata",230000,0.99,1,260000,0.01,0.04,0.15,0.23,0.45,0.58,0.75,0.88,0.98,1,1,260000,0,0.02,0.06,0.18,0.3,0.5,0.78,0.88,0.97,1,267800,0.01,0.06,0.4,0.46,0.66,0.9,0.98,1,1,1,293924,0.005,0.025,0.12,0.22,0.42,0.75,0.9,0.98,1,1,1,350355,0.005,0.01,0.009,0.07,0.3,0.53,0.82,0.94,1,1,1,1,364404,0.001,0.007,0.07,0.09,0.095,0.17,0.45,0.72,0.89,0.97,1,1,1,230000,0.005,0,0.03,0.04,0.06,0.16,0.22,0.42,0.68,0.75,0.9,0.96,0.97,0.99,260000,0,0.01,0.06,0.1,0.18,0.31,0.46,0.6,0.7,0.9,0.99,0.99,0.99,1,1,250000,0,0.002,0.004,0.02,0.07,0.09,0.13,0.18,0.35,0.46,0.63,0.85,0.98,1,1,267000,0,0.01,0.03,0.06,0.1,0.22,0.34,0.65,0.78,0.9,0.97,1,1,1,1,293924,0,0.02,0.075,0.11,0.2,0.33,0.5,0.63,0.91,0.99,1,1,1,1,1,353790,0.01,0.022,0.04,0.09,0.21,0.4,0.45,0.7,0.88,0.95,0.99,1,1,1,1,364404,0.02,0.03,0.085,0.13,0.18,0.3,0.46,0.65,0.8,0.97,0.99,1,1,1,1,1,1,NA,NA,NA,NA,NA,NA,NA,NA,NA,NA,85000,0.01,0.06,0.12,0.21,0.44,0.7,0.82,0.96,0.99,1,80000,0.01,0.015,0.1,0.32,0.35,0.8,0.95,1,1,1e+05,0.005,0.01,0.03,0.16,0.48,0.58,0.83,0.95,0.99,1,105898,0,0.005,0.02,0.1,0.17,0.47,0.68,0.9,0.99,1,143646,0,0.023,0.04,0.12,0.45,0.52,0.75,0.98,0.997,1,1,163982,0.015,0.07,0.15,0.19,0.22,0.6,0.59,0.94,1,1,"80000","0.04","0.06","0.12","0.28","0.45","0.59","0.75","0.92","0.99","1","1","1","1e+05","0.01","0.08","0.16","0.3","0.42","0.72","0.82","0.9","0.96","1","1",80000,0.01,0.03,0.05,0.18,0.45,0.6,0.82,1,1,1,1,1e+05,0.005,0.01,0.02,0.06,0.1,0.17,0.34,0.5,0.7,0.8,0.9,0.99,1,1,156180,0,0.03,0.05,0.1,0.25,0.4,0.7,0.85,0.88,0.95,0.97,0.99,1,1,176895,0,0.02,0.04,0.1,0.35,0.5,0.73,0.85,0.99,1,1,1,1,1
22,"Vera",100989,1,1,110000,0.01,0.05,0.15,0.28,0.5,0.65,0.82,0.92,0.98,1,1,108000,0,0.02,0.07,0.22,0.4,0.6,0.85,0.95,0.99,1,111150,0.01,0.08,0.22,0.44,0.65,0.92,0.97,1,1,1,143120,0,0.01,0.12,0.28,0.47,0.7,0.9,0.98,1,1,1,138705,0,0.004,0.01,0.1,0.46,0.6,0.88,0.975,1,1,1,1,142866,0.002,0.015,0.1,0.12,0.125,0.27,0.56,0.85,0.95,0.99,1,1,1,100989,0.005,0,0.03,0.04,0.08,0.19,0.26,0.58,0.7,0.78,0.95,0.99,1,1,110000,0,0.01,0.07,0.11,0.18,0.31,0.45,0.6,0.8,0.95,0.99,0.99,0.99,1,1,120000,0.005,0.006,0.008,0.015,0.1,0.12,0.22,0.3,0.45,0.55,0.75,0.87,0.96,1,1,130000,0,0.005,0.02,0.06,0.11,0.2,0.31,0.58,0.75,0.9,0.97,1,1,1,1,143120,0,0.015,0.06,0.15,0.25,0.35,0.57,0.67,0.86,0.95,0.99,1,1,1,1,138705,0.015,0.03,0.04,0.08,0.23,0.47,0.6,0.68,0.88,0.975,1,1,1,1,1,144253,0.01,0.03,0.07,0.13,0.22,0.3,0.47,0.72,0.9,0.96,0.99,1,1,1,1,1,1,NA,NA,NA,NA,NA,NA,NA,NA,NA,NA,33000,0.01,0.07,0.15,0.24,0.53,0.85,0.95,0.98,0.99,1,48000,0.005,0.03,0.16,0.35,0.45,0.88,0.98,1,1,72000,0,0,0.02,0.17,0.34,0.6,0.8,0.94,0.99,1,76246,0,0.005,0.02,0.09,0.35,0.57,0.75,0.96,1,1,90158,0.01,0.05,0.1,0.2,0.58,0.69,0.76,0.96,0.99,1,1,75012,0.015,0.05,0.13,0.23,0.39,0.525,0.88,0.85,1,1,"30000","0.04","0.08","0.18","0.36","0.48","0.6","0.78","0.9","0.99","1","1","1","50000","0.02","0.08","0.16","0.32","0.5","0.75","0.9","0.96","0.98","1","1",45000,0.01,0.03,0.06,0.19,0.45,0.6,0.85,1,1,1,1,72000,0.005,0.01,0.03,0.06,0.09,0.15,0.25,0.6,0.78,0.9,0.98,1,1,1,96056,0.01,0.03,0.06,0.1,0.2,0.35,0.6,0.77,0.8,0.88,0.95,0.98,1,1,90158,0,0.02,0.04,0.12,0.25,0.52,0.7,0.89,0.95,0.99,1,1,1,1
23,"Sao_Jose_do_Rio_Claro",82300,1,1,88000,0.005,0.04,0.12,0.18,0.4,0.55,0.66,0.78,0.95,1,1,85000,0,0.01,0.06,0.15,0.3,0.54,0.72,0.95,0.99,1,87550,0.01,0.06,0.24,0.55,0.73,0.91,0.98,1,1,1,119960,0.005,0.025,0.12,0.23,0.37,0.47,0.6,0.8,0.95,0.99,1,116994,0,0.02,0.021,0.1,0.45,0.65,0.7,0.9,0.93,1,1,1,119334,0.002,0.007,0.07,0.1,0.11,0.2,0.45,0.7,0.8,0.91,0.98,1,1,82300,0.005,0,0.04,0.06,0.07,0.17,0.19,0.33,0.45,0.53,0.75,0.88,0.95,0.98,88000,0,0.01,0.05,0.09,0.15,0.2,0.38,0.53,0.68,0.8,0.99,0.99,0.99,0.99,1,98000,0,0.003,0.015,0.018,0.08,0.1,0.15,0.18,0.38,0.48,0.65,0.86,0.96,1,1,109000,0,0.01,0.02,0.06,0.09,0.18,0.3,0.55,0.68,0.76,0.89,0.99,1,1,1,119960,0.02,0.04,0.08,0.13,0.18,0.27,0.38,0.5,0.69,0.81,0.95,0.99,1,1,1,116994,0.02,0.04,0.07,0.15,0.21,0.3,0.4,0.52,0.57,0.85,0.92,0.97,0.99,1,1,118164,0.007,0.02,0.035,0.065,0.12,0.2,0.25,0.6,0.73,0.8,0.9,0.95,0.97,0.99,1,1,1,NA,NA,NA,NA,NA,NA,NA,NA,NA,NA,18000,0.01,0.04,0.07,0.2,0.5,0.82,0.92,0.98,0.99,1,20000,0.005,0.04,0.08,0.38,0.5,0.89,0.98,1,1,26000,0,0,0.02,0.16,0.49,0.62,0.83,0.95,1,1,27533,0.01,0.015,0.03,0.11,0.21,0.36,0.53,0.8,0.99,1,35098,0,0.01,0.03,0.12,0.55,0.65,0.76,0.9,0.96,0.99,1,30723,0.005,0.01,0.02,0.05,0.1,0.13,0.15,0.5,0.7,1,"14000","0.01","0.04","0.12","0.23","0.44","0.58","0.7","0.83","0.98","1","1","1","20000","0.01","0.06","0.12","0.22","0.35","0.85","0.94","0.96","0.98","1","1",18000,0.01,0.03,0.05,0.19,0.35,0.58,0.83,0.98,1,1,1,26000,0,0,0.01,0.035,0.05,0.1,0.23,0.43,0.65,0.79,0.89,0.96,1,1,34671,0,0.01,0.05,0.09,0.15,0.3,0.35,0.7,0.75,0.85,0.9,0.95,0.99,1,29249,0,0.015,0.03,0.07,0.1,0.2,0.35,0.45,0.7,0.95,1,1,1,1
24,"Others_Medio_Norte",199333,1,1,267000,0.02,0.05,0.14,0.2,0.35,0.5,0.7,0.85,0.98,0.995,1,283000,0,0.01,0.06,0.14,0.3,0.48,0.7,0.85,0.95,1,431642,0.01,0.08,0.25,0.42,0.7,0.92,0.98,0.99,1,1,469489,0.005,0.02,0.11,0.22,0.41,0.68,0.84,0.94,0.99,1,1,497871,0.003,0.007,0.011,0.1,0.35,0.61,0.8,0.93,0.98,0.999,1,1,527158,0.004,0.02,0.06,0.09,0.1,0.21,0.45,0.78,0.9,0.96,0.99,1,1,199333,0.005,0,0.02,0.05,0.15,0.25,0.27,0.47,0.6,0.74,0.85,0.93,0.98,0.99,283000,0.01,0.02,0.05,0.1,0.16,0.21,0.32,0.5,0.65,0.82,0.98,0.99,0.99,0.99,1,365400,0.01,0.013,0.015,0.02,0.07,0.12,0.2,0.29,0.5,0.62,0.8,0.9,0.985,1,1,426300,0.003,0.01,0.03,0.06,0.11,0.25,0.35,0.65,0.78,0.9,0.96,0.99,1,1,1,469489,0,0.03,0.075,0.1,0.18,0.28,0.5,0.65,0.85,0.94,0.99,1,1,1,1,497871,0.007,0.035,0.05,0.095,0.22,0.32,0.45,0.58,0.7,0.9,0.97,0.98,0.99,1,1,543336,0.02,0.035,0.065,0.09,0.17,0.266,0.37,0.632,0.79,0.89,0.93,0.985,0.995,0.999,1,1,1,"158400","0","0.01","0.1","0.25","0.3","0.75","0.9","0.99","0.99",69000,0.015,0.06,0.1,0.21,0.45,0.7,0.9,0.97,0.99,0.99,89500,0.01,0.013,0.12,0.45,0.68,0.8,0.98,1,1,163000,0,0.005,0.02,0.15,0.53,0.63,0.9,0.98,0.99,1,172614,0,0.01,0.025,0.11,0.22,0.46,0.65,0.9,0.97,1,194066,0.003,0.03,0.06,0.12,0.45,0.58,0.7,0.9,0.96,0.99,1,215090,0.01,0.035,0.1,0.16,0.24,0.4,0.6,0.8,0.96,1,"108000","0.01","0.1","0.17","0.28","0.45","0.62","0.75","0.88","0.95","0.98","1","1","165820","0.01","0.05","0.1","0.2","0.38","0.6","0.78","0.85","0.93","0.99","1",91500,0.01,0.03,0.06,0.18,0.35,0.6,0.8,0.96,1,1,1,163000,0.005,0.01,0.02,0.065,0.09,0.16,0.29,0.53,0.7,0.84,0.9,0.98,1,1,217341,0,0.03,0.055,0.15,0.27,0.43,0.62,0.82,0.87,0.93,0.97,0.99,0.999,1,196912,0.005,0.02,0.05,0.09,0.25,0.42,0.59,0.78,0.9,0.97,0.99,0.99,1,1
25,"Oeste",873105,1,1,943200,0.033,0.079,0.18,0.25,0.429,0.585,0.74,0.863,0.95,0.9906,1,907200,0.011,0.033,0.09,0.19,0.422,0.59,0.804,0.922,0.979,1,976710,0.04,0.107,0.235,0.446,0.619,0.813,0.909,0.986,1,1,1002240,0.009,0.023,0.081,0.211,0.367,0.452,0.575,0.787,0.92,0.976,1,1074855,0.005,0.022,0.05,0.17,0.396,0.636,0.814,0.924,0.972,0.997,1,1,1089072,0.006,0.051,0.061,0.144,0.162,0.359,0.563,0.771,0.894,0.959,0.99,1,1,873105,0.013,0.033,0.084,0.113,0.146,0.255,0.289,0.405,0.544,0.669,0.8,0.9,0.94,0.976,948200,0.04,0.059,0.122,0.15,0.198,0.262,0.321,0.463,0.635,0.779,0.939,0.988,0.99,0.99,1,930200,0.007,0.019,0.035,0.057,0.118,0.188,0.218,0.245,0.4,0.54,0.69,0.837,0.944,0.996,1,955900,0.012,0.033,0.071,0.101,0.181,0.33,0.405,0.519,0.658,0.874,0.951,0.994,1,1,1,1002240,0.023,0.045,0.097,0.165,0.225,0.376,0.473,0.627,0.759,0.866,0.95,0.99,1,1,1,1074855,0.084,0.113,0.137,0.203,0.316,0.478,0.62,0.7,0.801,0.909,0.962,0.985,1,1,1,1114995,0.049,0.083,0.137,0.18,0.3,0.4,0.487,0.682,0.842,0.9,0.945,0.982,0.996,1,1,1,1,"241800","0.019","0.039","0.2","0.32","0.38","0.67","0.77","0.93","1",273900,0.036,0.134,0.176,0.31,0.509,0.743,0.878,0.973,0.994,0.999,270100,0.014,0.045,0.151,0.272,0.333,0.51,0.819,0.971,1,338350,0.002,0.023,0.043,0.102,0.491,0.597,0.827,0.96,1,1,350078,0.007,0.017,0.048,0.112,0.222,0.391,0.558,0.839,0.987,1,359004,0.026,0.078,0.149,0.27,0.523,0.648,0.769,0.913,0.972,0.998,1,370256,0.0177,0.035,0.126,0.186,0.303,0.436,0.672,0.874,0.998,1,"285900","0.01","0.09","0.14","0.23","0.32","0.43","0.62","0.72","0.84","0.93","0.97","0.99","296900","0.024","0.07","0.124","0.2","0.38","0.575","0.719","0.793","0.877","0.968","1",256100,0.009,0.019,0.038,0.123,0.162,0.291,0.493,0.705,0.872,0.992,1,338350,0.005,0.01,0.034,0.067,0.111,0.155,0.258,0.445,0.638,0.757,0.848,0.911,0.99,1,410918,0.009,0.029,0.042,0.093,0.224,0.358,0.473,0.636,0.75,0.846,0.919,0.983,1,1,397701,0.035,0.057,0.083,0.123,0.19,0.254,0.363,0.553,0.729,0.868,0.971,0.988,0.998,1
26,"Sapezal",331065,1,1,370000,0.05,0.12,0.25,0.3,0.5,0.66,0.78,0.9,0.97,0.99,1,350000,0.02,0.06,0.12,0.22,0.52,0.65,0.85,0.95,0.99,1,367500,0.06,0.18,0.3,0.55,0.7,0.85,0.92,0.99,1,1,366600,0.01,0.03,0.12,0.26,0.45,0.52,0.62,0.85,0.94,0.99,1,401782,0.005,0.04,0.06,0.205,0.5,0.7,0.88,0.955,0.99,1,1,1,401782,0.005,0.05,0.06,0.18,0.2,0.41,0.65,0.8,0.93,0.98,0.995,1,1,331065,0.05,0.05,0.1,0.14,0.2,0.32,0.37,0.5,0.63,0.74,0.84,0.92,0.96,0.98,370000,0.06,0.09,0.18,0.2,0.24,0.32,0.38,0.5,0.68,0.78,0.96,0.99,0.99,0.99,1,350000,0.01,0.03,0.055,0.08,0.15,0.25,0.3,0.33,0.45,0.59,0.72,0.85,0.96,1,1,362500,0.02,0.05,0.1,0.15,0.28,0.48,0.55,0.68,0.8,0.98,1,1,1,1,1,366600,0.055,0.08,0.13,0.21,0.28,0.45,0.57,0.73,0.82,0.92,0.98,1,1,1,1,401782,0.12,0.14,0.173,0.25,0.37,0.56,0.69,0.75,0.83,0.9,0.96,0.99,1,1,1,404996,0.06,0.11,0.18,0.22,0.35,0.46,0.53,0.75,0.94,0.97,0.99,0.998,1,1,1,1,1,"110000","0.03","0.05","0.3","0.4","0.48","0.7","0.84","0.98","1",1e+05,0.05,0.18,0.22,0.27,0.5,0.72,0.88,0.97,0.99,1,110000,0.02,0.07,0.18,0.3,0.35,0.5,0.8,0.98,1,110000,0.005,0.06,0.09,0.12,0.52,0.65,0.85,0.98,1,1,113813,0.01,0.03,0.06,0.15,0.25,0.46,0.6,0.8,0.99,1,140624,0.05,0.11,0.18,0.25,0.51,0.63,0.77,0.92,0.98,0.995,1,137699,0.02,0.05,0.18,0.25,0.4,0.45,0.63,0.97,0.997,1,"110000","0.01","0.12","0.2","0.3","0.4","0.5","0.7","0.82","0.93","0.98","0.99","1","120000","0.02","0.08","0.15","0.22","0.4","0.55","0.7","0.8","0.9","0.97","1",1e+05,0.01,0.02,0.05,0.15,0.18,0.3,0.55,0.7,0.89,1,1,110000,0.01,0.015,0.05,0.09,0.15,0.2,0.3,0.48,0.68,0.8,0.88,0.93,0.99,1,131917,0.02,0.04,0.05,0.1,0.27,0.43,0.5,0.75,0.83,0.93,0.96,0.99,1,1,140624,0.05,0.08,0.1,0.13,0.21,0.25,0.34,0.58,0.78,0.89,0.98,0.99,1,1
27,"Campo_Novo_dos_Parecis",311500,1,1,320000,0.02,0.05,0.15,0.22,0.38,0.53,0.7,0.83,0.94,0.99,1,318000,0.01,0.02,0.08,0.2,0.35,0.54,0.76,0.9,0.97,1,334000,0.03,0.06,0.22,0.45,0.6,0.8,0.91,0.99,1,1,382881,0.01,0.02,0.03,0.12,0.27,0.37,0.52,0.73,0.9,0.96,1,375636,0.005,0.007,0.015,0.097,0.25,0.53,0.75,0.88,0.95,0.998,1,1,383149,0.008,0.06,0.07,0.115,0.13,0.32,0.45,0.7,0.82,0.92,0.98,1,1,311500,0.01,0.03,0.06,0.075,0.09,0.18,0.2,0.34,0.46,0.62,0.76,0.88,0.92,0.96,325000,0.02,0.03,0.08,0.11,0.15,0.2,0.25,0.45,0.6,0.8,0.93,0.99,0.99,0.99,1,350000,0.005,0.01,0.02,0.04,0.08,0.14,0.16,0.19,0.38,0.5,0.65,0.8,0.91,0.99,1,350000,0.005,0.015,0.04,0.06,0.11,0.23,0.3,0.4,0.55,0.78,0.9,0.99,1,1,1,382881,0,0.02,0.07,0.12,0.18,0.3,0.38,0.55,0.7,0.81,0.92,0.98,1,1,1,375636,0.06,0.08,0.093,0.17,0.28,0.39,0.55,0.65,0.8,0.93,0.98,0.99,1,1,1,379393,0.04,0.06,0.11,0.145,0.24,0.33,0.4,0.6,0.73,0.82,0.9,0.97,0.99,1,1,1,1,"80000","0.01","0.03","0.14","0.25","0.27","0.6","0.68","0.9","1",1e+05,0.03,0.1,0.15,0.3,0.5,0.75,0.86,0.97,1,1,88000,0.01,0.03,0.14,0.25,0.33,0.52,0.85,0.95,1,128000,0,0.005,0.02,0.1,0.48,0.55,0.8,0.95,1,1,132437,0.01,0.02,0.05,0.1,0.2,0.3,0.51,0.85,0.99,1,131473,0.01,0.043,0.14,0.28,0.54,0.66,0.76,0.9,0.96,1,1,113818,0.01,0.015,0.05,0.09,0.11,0.33,0.58,0.7,1,1,"90000","0.01","0.08","0.12","0.18","0.27","0.38","0.58","0.68","0.8","0.9","0.95","1","1e+05","0.02","0.06","0.1","0.18","0.38","0.58","0.72","0.78","0.85","0.96","1",85000,0.01,0.02,0.03,0.11,0.15,0.29,0.46,0.68,0.86,0.99,1,128000,0.005,0.01,0.03,0.06,0.1,0.14,0.24,0.45,0.63,0.75,0.85,0.9,0.99,1,153649,0,0.02,0.03,0.08,0.2,0.3,0.45,0.52,0.68,0.77,0.89,0.98,1,1,135229,0.05,0.06,0.08,0.12,0.18,0.24,0.39,0.5,0.69,0.83,0.97,0.99,1,1
28,"Campos_de_Julio",175000,1,1,190000,0.03,0.06,0.12,0.22,0.4,0.55,0.72,0.84,0.92,0.99,1,183000,0,0.01,0.06,0.13,0.38,0.58,0.8,0.92,0.98,1,190000,0.03,0.07,0.15,0.3,0.55,0.75,0.88,0.97,1,1,178000,0.005,0.015,0.12,0.32,0.4,0.49,0.6,0.78,0.92,0.98,1,209145,0.005,0.018,0.1,0.25,0.5,0.7,0.81,0.94,0.98,0.99,1,1,211236,0.005,0.04,0.05,0.13,0.15,0.34,0.6,0.83,0.96,0.99,1,1,1,175000,0.04,0.015,0.1,0.13,0.15,0.26,0.29,0.35,0.52,0.63,0.8,0.9,0.94,0.99,190000,0.04,0.06,0.1,0.13,0.2,0.25,0.33,0.42,0.62,0.75,0.92,0.98,0.99,0.99,1,175000,0.003,0.015,0.025,0.05,0.13,0.17,0.18,0.2,0.33,0.5,0.68,0.87,0.966,1,1,175000,0.01,0.04,0.08,0.1,0.14,0.25,0.34,0.45,0.6,0.85,0.95,0.99,1,1,1,178000,0.015,0.03,0.09,0.18,0.22,0.4,0.47,0.6,0.76,0.88,0.95,0.99,1,1,1,209145,0.08,0.12,0.15,0.18,0.29,0.49,0.64,0.7,0.75,0.89,0.94,0.97,1,1,1,212282,0.05,0.08,0.12,0.17,0.31,0.41,0.56,0.7,0.85,0.91,0.95,0.98,1,1,1,1,1,"35000","0.01","0.03","0.08","0.26","0.32","0.75","0.8","0.88","1",60000,0.02,0.1,0.13,0.4,0.55,0.78,0.9,0.98,0.99,1,58000,0.01,0.03,0.12,0.25,0.3,0.5,0.8,0.98,1,82000,0,0.005,0.02,0.08,0.47,0.6,0.84,0.95,1,1,84842,0,0,0.03,0.08,0.22,0.44,0.58,0.87,0.98,1,64835,0.015,0.09,0.12,0.3,0.53,0.68,0.81,0.93,0.98,1,1,89158,0.025,0.04,0.14,0.21,0.4,0.55,0.85,0.95,1,1,"70000","0.005","0.07","0.08","0.19","0.27","0.37","0.53","0.62","0.75","0.88","0.95","0.97","63000","0.04","0.07","0.12","0.2","0.35","0.6","0.75","0.8","0.88","0.97","1",58000,0.01,0.02,0.03,0.1,0.15,0.28,0.44,0.75,0.86,0.98,1,82000,0,0.005,0.02,0.05,0.08,0.12,0.23,0.4,0.6,0.71,0.8,0.9,0.99,1,98898,0.01,0.03,0.05,0.1,0.2,0.35,0.47,0.66,0.75,0.85,0.91,0.98,1,1,94115,0,0.03,0.07,0.12,0.18,0.28,0.36,0.59,0.71,0.89,0.96,0.98,0.99,1
29,"Others_Oeste",55540,1,1,63200,0.01,0.04,0.1,0.2,0.35,0.53,0.78,0.89,0.98,1,1,56200,0,0.01,0.05,0.14,0.35,0.52,0.78,0.88,0.96,1,85210,0.02,0.06,0.2,0.31,0.5,0.85,0.92,0.99,1,1,74759,0.005,0.02,0.06,0.18,0.38,0.45,0.58,0.79,0.92,0.98,1,88292,0.005,0.02,0.04,0.185,0.3,0.64,0.8,0.93,0.97,0.99,1,1,92904,0.004,0.04,0.05,0.14,0.16,0.34,0.57,0.8,0.89,0.96,0.99,1,1,55540,0.03,0,0.07,0.11,0.13,0.27,0.3,0.38,0.57,0.65,0.78,0.9,0.94,0.99,63200,0.02,0.03,0.07,0.13,0.19,0.28,0.32,0.45,0.6,0.75,0.95,0.99,0.99,0.99,1,55200,0.01,0.015,0.025,0.04,0.1,0.15,0.18,0.2,0.43,0.6,0.78,0.89,0.98,1,1,68400,0.005,0.02,0.05,0.06,0.12,0.25,0.34,0.45,0.6,0.85,0.95,0.99,1,1,1,74759,0,0.04,0.09,0.14,0.2,0.35,0.48,0.58,0.76,0.86,0.95,0.99,1,1,1,88292,0.03,0.11,0.135,0.19,0.28,0.45,0.55,0.69,0.79,0.9,0.95,0.98,1,1,1,118324,0.04,0.07,0.11,0.17,0.3,0.4,0.49,0.683,0.85,0.9,0.93,0.97,0.995,0.997,1,1,1,"16800","0.01","0.035","0.06","0.3","0.33","0.65","0.73","0.85","1",13900,0.02,0.1,0.14,0.28,0.47,0.7,0.9,0.98,0.99,0.99,14100,0.01,0.03,0.15,0.3,0.365,0.55,0.85,0.99,1,18350,0,0,0.02,0.1,0.48,0.6,0.82,0.95,1,1,18986,0,0,0.05,0.11,0.22,0.4,0.55,0.85,0.98,1,22073,0.005,0.05,0.09,0.25,0.48,0.6,0.7,0.9,0.97,1,1,29581,0.015,0.03,0.12,0.18,0.3,0.44,0.68,0.87,0.99,1,"15900","0.01","0.05","0.12","0.23","0.31","0.44","0.6","0.78","0.85","0.98","0.99","1","13900","0.01","0.05","0.1","0.18","0.35","0.65","0.74","0.8","0.85","0.99","1",13100,0,0.01,0.03,0.1,0.15,0.28,0.5,0.7,0.87,0.99,1,18350,0,0.005,0.03,0.06,0.1,0.15,0.25,0.41,0.62,0.75,0.85,0.92,0.99,1,26455,0,0.03,0.045,0.1,0.23,0.36,0.48,0.645,0.75,0.85,0.92,0.98,1,1,27733,0.005,0.02,0.06,0.11,0.17,0.25,0.36,0.55,0.73,0.87,0.97,0.99,1,1
30,"Centro_Sul",407559,1,1,409100,0.024,0.043,0.119,0.194,0.301,0.468,0.669,0.831,0.939,0.9866,1,399100,0.001,0.02,0.083,0.164,0.326,0.523,0.737,0.915,0.983,1,425493,0.008,0.022,0.095,0.229,0.48,0.681,0.801,0.952,1,1,483358,0.009,0.025,0.084,0.167,0.265,0.384,0.439,0.656,0.779,0.979,1,614503,0.005,0.006,0.013,0.073,0.225,0.444,0.724,0.913,0.959,0.993,0.998,1,640152,0.002,0.014,0.034,0.076,0.085,0.21,0.374,0.649,0.885,0.975,0.993,1,1,407559,0.003,0.008,0.024,0.038,0.1,0.158,0.18,0.326,0.489,0.578,0.755,0.866,0.91,0.979,409100,0.009,0.029,0.058,0.089,0.159,0.232,0.299,0.422,0.504,0.694,0.869,0.982,0.99,0.992,1,413100,0,0.005,0.01,0.015,0.076,0.097,0.161,0.191,0.308,0.47,0.621,0.75,0.913,0.983,1,431570,0,0.005,0.012,0.043,0.068,0.198,0.303,0.401,0.503,0.739,0.835,0.929,0.986,1,1,483358,0.011,0.04,0.082,0.114,0.157,0.255,0.373,0.474,0.578,0.762,0.896,0.963,0.979,0.998,1,617512,0.004,0.032,0.052,0.11,0.18,0.329,0.397,0.488,0.621,0.842,0.918,0.976,0.996,1,1,655973,0.016,0.036,0.069,0.098,0.156,0.207,0.31,0.456,0.616,0.769,0.885,0.964,0.983,1,1,1,1,"82600","0","0.001","0.2","0.3","0.39","0.51","0.73","0.92","1",94000,0.016,0.065,0.124,0.261,0.4,0.662,0.818,0.945,0.997,1,110000,0.004,0.026,0.131,0.38,0.45,0.63,0.847,0.982,1,139400,0,0.003,0.022,0.075,0.399,0.488,0.705,0.96,0.993,1,170751,0,0.007,0.017,0.075,0.195,0.349,0.532,0.815,0.963,1,196560,0.006,0.037,0.087,0.16,0.497,0.606,0.737,0.839,0.945,0.992,1,180659,0.0054,0.018,0.03,0.057,0.209,0.291,0.573,0.813,0.982,1,"95000","0.01","0.05","0.07","0.13","0.22","0.34","0.52","0.69","0.82","0.91","0.97","0.99","106000","0.008","0.045","0.101","0.257","0.392","0.696","0.796","0.863","0.925","0.986","1",108000,0.007,0.017,0.041,0.071,0.151,0.313,0.534,0.689,0.854,0.98,1,139400,0,0.001,0.014,0.031,0.082,0.127,0.221,0.401,0.614,0.729,0.863,0.938,0.993,1,212678,0.002,0.012,0.027,0.067,0.168,0.259,0.378,0.562,0.701,0.816,0.905,0.965,0.998,1,190574,0.001,0.015,0.041,0.091,0.123,0.218,0.336,0.518,0.622,0.819,0.891,0.993,1,1
31,"Diamantino",284214,1,1,270000,0.03,0.05,0.13,0.2,0.3,0.48,0.68,0.82,0.93,0.98,1,263000,0,0.02,0.08,0.15,0.3,0.48,0.7,0.9,0.98,1,268503,0.01,0.02,0.09,0.25,0.5,0.68,0.78,0.96,1,1,319340,0.01,0.03,0.08,0.16,0.25,0.35,0.39,0.64,0.78,0.98,1,366685,0.005,0.005,0.008,0.065,0.23,0.45,0.74,0.92,0.95,0.993,0.997,1,381352,0.002,0.01,0.015,0.06,0.07,0.21,0.365,0.62,0.9,0.98,0.99,1,1,284214,0.005,0.01,0.03,0.04,0.1,0.16,0.18,0.37,0.54,0.6,0.78,0.89,0.92,0.99,270000,0.01,0.03,0.05,0.08,0.15,0.21,0.28,0.4,0.45,0.65,0.9,0.98,0.99,0.99,1,270000,0,0.005,0.01,0.015,0.07,0.09,0.15,0.18,0.3,0.45,0.58,0.7,0.89,0.98,1,285000,0,0.005,0.01,0.04,0.06,0.2,0.31,0.4,0.5,0.75,0.85,0.94,0.99,1,1,319340,0.015,0.04,0.08,0.11,0.15,0.25,0.36,0.45,0.55,0.75,0.88,0.95,0.97,0.99,1,366685,0,0.02,0.03,0.09,0.14,0.3,0.36,0.45,0.55,0.84,0.9,0.98,1,1,1,370352,0.015,0.025,0.05,0.08,0.14,0.18,0.28,0.4,0.57,0.75,0.88,0.96,0.98,1,1,1,1,"48000","0","0","0.25","0.3","0.43","0.55","0.78","0.96","1",58000,0.02,0.04,0.12,0.28,0.43,0.65,0.8,0.95,1,1,67000,0.005,0.02,0.1,0.38,0.47,0.6,0.8,0.98,1,78000,0,0.005,0.02,0.07,0.43,0.5,0.7,0.98,1,1,95542,0,0.01,0.02,0.08,0.25,0.4,0.55,0.8,0.95,1,117339,0,0.02,0.08,0.14,0.5,0.6,0.74,0.83,0.94,0.99,1,92588,0.005,0.02,0.03,0.06,0.22,0.3,0.48,0.75,0.988,1,"55000","0.02","0.07","0.09","0.16","0.25","0.38","0.58","0.78","0.9","0.97","0.99","1","70000","0.01","0.05","0.1","0.28","0.4","0.65","0.74","0.82","0.9","0.98","1",65000,0.01,0.02,0.04,0.07,0.15,0.32,0.55,0.68,0.87,0.98,1,78000,0,0,0.015,0.03,0.08,0.13,0.22,0.38,0.6,0.71,0.85,0.93,0.99,1,119140,0,0.01,0.03,0.06,0.17,0.24,0.37,0.55,0.74,0.83,0.91,0.97,1,1,110005,0,0.02,0.05,0.1,0.11,0.21,0.33,0.53,0.63,0.82,0.88,1,1,1
32,"Tangara_da_Serra",50848,1,1,50000,0.02,0.04,0.12,0.18,0.3,0.45,0.68,0.89,0.97,1,1,50000,0.01,0.03,0.06,0.12,0.3,0.5,0.73,0.92,0.99,1,51500,0.01,0.03,0.13,0.24,0.5,0.7,0.82,0.93,1,1,67258,0.01,0.025,0.06,0.13,0.22,0.38,0.48,0.65,0.71,0.96,1,98736,0.005,0.01,0.035,0.08,0.18,0.4,0.73,0.9,0.98,0.999,1,1,101698,0.004,0.025,0.05,0.09,0.095,0.21,0.38,0.68,0.84,0.96,1,1,1,50848,0,0.005,0.02,0.035,0.12,0.17,0.2,0.25,0.38,0.53,0.7,0.85,0.92,0.98,50000,0.01,0.03,0.07,0.1,0.17,0.25,0.28,0.35,0.48,0.65,0.88,0.98,0.99,0.99,1,50000,0,0.005,0.015,0.02,0.09,0.11,0.14,0.17,0.3,0.4,0.6,0.78,0.93,0.97,1,60000,0.002,0.01,0.02,0.05,0.08,0.2,0.29,0.39,0.5,0.68,0.78,0.88,0.97,1,1,67258,0,0.04,0.1,0.13,0.18,0.26,0.4,0.5,0.6,0.82,0.95,0.99,1,1,1,98736,0.013,0.07,0.11,0.17,0.24,0.35,0.4,0.51,0.7,0.82,0.93,0.96,0.99,1,1,101205,0.01,0.035,0.07,0.1,0.15,0.2,0.3,0.55,0.7,0.8,0.89,0.97,0.99,1,1,1,1,"10400","0","0.005","0.21","0.33","0.4","0.6","0.82","0.98","1",13000,0.01,0.05,0.1,0.25,0.37,0.62,0.78,0.9,0.98,1,14000,0,0.03,0.15,0.35,0.4,0.65,0.9,0.96,1,26000,0,0,0.03,0.08,0.48,0.55,0.73,0.96,0.99,1,31847,0,0.005,0.02,0.06,0.12,0.28,0.5,0.9,0.98,1,29621,0.04,0.12,0.17,0.24,0.52,0.62,0.73,0.8,0.94,1,1,34410,0.005,0.01,0.03,0.04,0.19,0.22,0.77,0.85,0.95,1,"13000","0.02","0.05","0.08","0.15","0.23","0.35","0.53","0.7","0.84","0.93","0.99","1","13000","0","0.02","0.12","0.22","0.35","0.6","0.8","0.88","0.94","0.99","1",14000,0.005,0.015,0.05,0.07,0.18,0.32,0.52,0.66,0.8,0.98,1,26000,0,0.005,0.02,0.045,0.1,0.14,0.23,0.4,0.61,0.76,0.9,0.96,1,1,39713,0.01,0.025,0.03,0.06,0.15,0.3,0.4,0.6,0.65,0.8,0.89,0.94,0.99,1,31596,0,0,0.03,0.09,0.19,0.3,0.4,0.55,0.65,0.85,0.92,1,1,1
33,"Santo_Antonio_do_Leveger",21300,1,1,28000,0.005,0.03,0.1,0.18,0.3,0.43,0.65,0.88,0.97,1,1,25000,0,0.02,0.15,0.3,0.5,0.75,0.92,0.98,1,1,26000,0,0.02,0.08,0.19,0.35,0.56,0.8,0.9,1,1,23887,0,0.005,0.15,0.25,0.39,0.48,0.55,0.69,0.75,0.99,1,38163,0,0.005,0.005,0.07,0.23,0.35,0.6,0.87,0.96,0.99,0.995,1,38545,0.002,0.015,0.08,0.1,0.11,0.19,0.35,0.73,0.88,0.97,1,1,1,21300,0,0,0,0.015,0.05,0.1,0.16,0.2,0.35,0.5,0.68,0.75,0.82,0.9,28000,0,0.02,0.06,0.1,0.17,0.29,0.36,0.55,0.65,0.8,0.92,0.99,0.99,1,1,28000,0,0.003,0.008,0.01,0.09,0.12,0.18,0.21,0.32,0.48,0.68,0.85,0.98,1,1,21300,0,0,0.01,0.03,0.06,0.16,0.26,0.36,0.48,0.68,0.78,0.9,0.97,1,1,23887,0,0.01,0.04,0.07,0.13,0.23,0.36,0.48,0.62,0.75,0.9,0.99,1,1,1,38163,0.005,0.015,0.043,0.07,0.27,0.34,0.48,0.53,0.73,0.87,0.97,0.98,0.99,1,1,38927,0.02,0.055,0.09,0.11,0.18,0.23,0.33,0.43,0.6,0.8,0.88,0.95,0.97,1,1,1,1,NA,NA,NA,NA,NA,NA,NA,NA,NA,NA,4000,0.01,0.07,0.12,0.22,0.33,0.72,0.86,0.95,1,1,8000,0,0.07,0.2,0.4,0.45,0.7,0.98,1,1,10000,0,0,0.01,0.06,0.32,0.45,0.63,0.9,0.98,1,12249,0,0,0.005,0.04,0.1,0.2,0.45,0.75,0.98,1,11449,0,0.01,0.04,0.18,0.5,0.64,0.75,0.88,0.96,0.99,1,10899,0.007,0.025,0.035,0.06,0.125,0.3,0.6,0.925,1,1,"8000","0","0.03","0.04","0.06","0.12","0.26","0.44","0.55","0.68","0.82","0.92","0.97","4000","0","0.05","0.12","0.25","0.5","0.95","0.98","0.99","0.995","1","1",8000,0,0.01,0.03,0.07,0.14,0.3,0.52,0.68,0.85,0.99,1,10000,0,0,0.01,0.025,0.07,0.11,0.21,0.41,0.65,0.75,0.87,0.96,1,1,15274,0,0.005,0.015,0.08,0.16,0.25,0.35,0.54,0.63,0.79,0.9,0.97,1,1,11449,0.005,0.015,0.035,0.08,0.12,0.18,0.32,0.5,0.59,0.78,0.9,0.99,1,1
34,"Chapada_dos_Guimaraes",8280,1,1,13000,0.005,0.03,0.1,0.2,0.33,0.5,0.7,0.85,0.99,1,1,13000,0,0.01,0.1,0.28,0.5,0.72,0.92,0.98,1,1,13500,0,0.01,0.15,0.18,0.65,0.78,0.9,0.98,1,1,19594,0,0.005,0.15,0.24,0.42,0.65,0.74,0.9,0.99,1,1,32501,0.005,0.007,0.008,0.135,0.32,0.6,0.85,0.95,0.97,0.99,1,1,33151,0.004,0.025,0.1,0.13,0.14,0.25,0.5,0.73,0.95,0.99,1,1,1,8280,0,0,0.03,0.055,0.15,0.15,0.17,0.26,0.4,0.58,0.8,0.86,0.95,0.99,13000,0.01,0.06,0.08,0.12,0.19,0.31,0.4,0.6,0.75,0.98,1,1,1,1,1,17000,0,0.003,0.01,0.01,0.1,0.12,0.25,0.28,0.46,0.6,0.78,0.89,0.94,1,1,17500,0,0,0.03,0.1,0.14,0.25,0.35,0.5,0.6,0.8,0.88,0.96,0.99,1,1,19594,0.02,0.08,0.14,0.17,0.25,0.36,0.5,0.75,0.85,0.95,0.98,1,1,1,1,32501,0.02,0.06,0.105,0.18,0.27,0.48,0.58,0.67,0.85,0.93,0.99,0.995,1,1,1,34126,0.03,0.09,0.18,0.2,0.25,0.38,0.51,0.65,0.75,0.82,0.91,0.98,0.99,0.995,1,1,1,NA,NA,NA,NA,NA,NA,NA,NA,NA,NA,5000,0.01,0.12,0.14,0.22,0.33,0.75,0.87,0.98,1,1,10000,0,0.04,0.2,0.38,0.39,0.78,0.95,1,1,14000,0,0,0.03,0.1,0.2,0.36,0.7,0.9,0.98,1,17149,0,0.005,0.01,0.1,0.14,0.34,0.57,0.8,1,1,14625,0.005,0.053,0.085,0.175,0.47,0.6,0.75,0.94,0.99,1,1,11603,0.007,0.02,0.03,0.07,0.28,0.4,0.6,0.95,1,1,"8000","0","0.01","0.02","0.04","0.1","0.15","0.25","0.4","0.58","0.7","0.9","0.97","8000","0.01","0.04","0.1","0.2","0.4","0.92","0.98","0.99","0.995","1","1",10000,0,0.015,0.04,0.08,0.16,0.28,0.5,0.7,0.83,0.96,1,14000,0,0,0.005,0.02,0.065,0.1,0.22,0.5,0.66,0.75,0.85,0.92,0.99,1,20405,0,0.005,0.02,0.1,0.2,0.3,0.4,0.57,0.65,0.8,0.91,0.98,1,1,13000,0,0.012,0.03,0.07,0.1,0.15,0.28,0.41,0.55,0.78,0.89,0.95,1,1
35,"Others_Centro_Sul",42917,1,1,48100,0.005,0.02,0.07,0.18,0.3,0.43,0.6,0.8,0.93,1,1,48100,0,0.01,0.08,0.18,0.35,0.6,0.8,0.94,0.98,1,65990,0,0.03,0.08,0.16,0.4,0.7,0.85,0.95,1,1,53279,0.005,0.015,0.08,0.19,0.3,0.45,0.52,0.65,0.8,0.98,1,78417,0.004,0.005,0.011,0.09,0.22,0.45,0.65,0.9,0.97,0.99,0.998,1,85406,0.002,0.015,0.05,0.1,0.11,0.2,0.37,0.67,0.85,0.97,0.99,1,1,42917,0,0,0,0.04,0.09,0.16,0.17,0.23,0.4,0.54,0.7,0.8,0.88,0.95,48100,0.005,0.02,0.08,0.11,0.18,0.28,0.36,0.5,0.68,0.85,0.9,0.99,0.99,1,1,48100,0,0.003,0.005,0.015,0.08,0.1,0.2,0.23,0.3,0.6,0.78,0.89,0.98,1,1,47770,0,0,0.01,0.04,0.08,0.18,0.28,0.4,0.5,0.75,0.82,0.93,0.99,1,1,53278,0,0.04,0.07,0.12,0.15,0.25,0.38,0.48,0.6,0.7,0.89,0.98,0.99,1,1,81426,0.006,0.04,0.065,0.12,0.21,0.37,0.45,0.54,0.7,0.83,0.93,0.97,0.99,1,1,111364,0.02,0.05,0.09,0.12,0.18,0.245,0.35,0.508,0.66,0.78,0.89,0.97,0.99,0.999,1,1,1,"24200","0","0","0.08","0.28","0.3","0.4","0.6","0.8","1",14000,0.01,0.08,0.1,0.22,0.35,0.7,0.9,0.95,1,1,11000,0.005,0.03,0.2,0.4,0.45,0.6,0.88,0.99,1,11400,0,0,0.02,0.08,0.32,0.45,0.75,0.95,0.98,1,13964,0,0.005,0.01,0.07,0.14,0.3,0.51,0.8,0.95,1,23525,0,0.02,0.04,0.14,0.47,0.605,0.72,0.85,0.94,0.99,1,31159,0.006,0.02,0.03,0.06,0.2,0.3,0.61,0.87,0.985,1,"11000","0","0.02","0.05","0.1","0.19","0.3","0.48","0.55","0.68","0.84","0.95","0.98","11000","0.01","0.04","0.08","0.2","0.35","0.85","0.95","0.98","0.99","1","1",11000,0,0.01,0.04,0.07,0.12,0.3,0.5,0.78,0.85,0.99,1,11400,0,0,0.01,0.02,0.08,0.12,0.22,0.42,0.63,0.74,0.88,0.95,1,1,18145,0.005,0.01,0.02,0.08,0.17,0.26,0.38,0.565,0.67,0.8,0.9,0.965,0.998,1,24524,0.002,0.01,0.02,0.07,0.11,0.2,0.32,0.49,0.6,0.81,0.9,0.98,1,1
36,"Sudeste",1266770,0.99,1,1430000,0.006,0.028,0.09,0.2,0.294,0.451,0.661,0.809,0.974,0.9914,1,1446600,0.003,0.014,0.054,0.176,0.271,0.45,0.653,0.833,0.918,0.975,1533468,0.003,0.041,0.156,0.415,0.538,0.733,0.856,0.945,0.993,1,1649248,0.005,0.013,0.071,0.193,0.379,0.54,0.632,0.785,0.956,0.997,1,1745377,0.002,0.006,0.008,0.085,0.234,0.488,0.731,0.877,0.96,0.993,0.998,1,1922550,0.003,0.014,0.057,0.091,0.101,0.189,0.41,0.697,0.891,0.964,0.992,1,1,1266770,0.001,0.003,0.007,0.037,0.049,0.094,0.115,0.208,0.346,0.509,0.641,0.771,0.855,0.906,1460600,0.007,0.019,0.047,0.086,0.165,0.239,0.32,0.479,0.589,0.792,0.908,0.989,0.99,0.994,1,1503400,0.001,0.005,0.01,0.029,0.062,0.105,0.178,0.253,0.375,0.484,0.662,0.803,0.928,0.974,0.985,1530400,0.002,0.008,0.022,0.06,0.096,0.196,0.295,0.475,0.601,0.776,0.883,0.935,0.983,0.994,1,1649248,0.006,0.036,0.098,0.118,0.181,0.277,0.45,0.62,0.747,0.906,0.97,0.992,1,1,1,1746499,0.008,0.044,0.059,0.098,0.265,0.371,0.483,0.591,0.74,0.885,0.965,0.976,0.987,0.994,1,1892823,0.024,0.064,0.111,0.139,0.197,0.277,0.381,0.512,0.658,0.8,0.887,0.967,0.986,0.995,0.998,1,1,"376700","0.004","0.019","0.05","0.13","0.17","0.27","0.42","0.74","0.97",418400,0.013,0.05,0.105,0.286,0.492,0.644,0.781,0.938,0.991,1,402500,0.006,0.023,0.11,0.369,0.486,0.658,0.884,0.977,1,457620,0.001,0.004,0.033,0.119,0.262,0.427,0.708,0.918,0.983,1,556215,0,0.007,0.016,0.053,0.117,0.288,0.538,0.825,0.965,1,667991,0.007,0.029,0.061,0.153,0.419,0.565,0.723,0.899,0.983,0.998,1,605767,0.0069,0.029,0.054,0.091,0.213,0.378,0.638,0.857,0.996,1,"401400","0","0.02","0.03","0.06","0.1","0.15","0.21","0.34","0.51","0.72","0.82","0.92","418400","0.004","0.017","0.053","0.141","0.315","0.555","0.688","0.745","0.827","0.921","0.974",402500,0,0.017,0.039,0.075,0.146,0.284,0.521,0.739,0.844,0.977,0.996,457620,0.002,0.004,0.016,0.033,0.07,0.124,0.243,0.461,0.572,0.745,0.838,0.932,0.99,1,742161,0.003,0.013,0.031,0.12,0.195,0.356,0.428,0.641,0.701,0.882,0.924,0.968,0.997,1,633978,0.001,0.008,0.024,0.056,0.099,0.162,0.285,0.417,0.585,0.755,0.883,0.983,0.998,1
37,"Campo_Verde",126000,1,1,160000,0.01,0.05,0.12,0.22,0.38,0.58,0.78,0.9,0.99,1,1,165000,0.01,0.03,0.1,0.18,0.35,0.52,0.8,0.95,0.98,1,168300,0.01,0.06,0.22,0.52,0.68,0.8,0.97,0.99,1,1,209405,0.01,0.025,0.15,0.3,0.53,0.76,0.85,0.95,0.99,1,1,270969,0.005,0.007,0.008,0.135,0.32,0.6,0.92,0.96,0.99,1,1,1,270969,0.004,0.025,0.1,0.13,0.14,0.25,0.5,0.73,0.95,0.99,1,1,1,126000,0.01,0.02,0.05,0.075,0.09,0.14,0.18,0.27,0.4,0.58,0.75,0.88,0.95,0.97,170000,0.02,0.06,0.1,0.12,0.22,0.28,0.4,0.58,0.65,0.85,0.95,0.99,0.99,1,1,170000,0.005,0.01,0.013,0.045,0.1,0.14,0.2,0.29,0.38,0.5,0.68,0.8,0.92,0.985,1,193000,0.005,0.015,0.045,0.12,0.18,0.29,0.38,0.6,0.75,0.9,0.98,1,1,1,1,209405,0.04,0.08,0.15,0.2,0.3,0.45,0.6,0.83,0.95,0.98,0.99,1,1,1,1,270969,0.015,0.07,0.105,0.18,0.34,0.48,0.58,0.67,0.85,0.93,0.99,0.995,1,1,1,276388,0.03,0.1,0.18,0.2,0.25,0.38,0.51,0.65,0.75,0.81,0.9,0.98,0.99,0.995,1,1,1,"90000","0.015","0.025","0.07","0.14","0.24","0.38","0.52","0.8","0.99",90000,0.02,0.06,0.13,0.3,0.45,0.6,0.73,0.9,0.99,1,70000,0.005,0.02,0.1,0.35,0.4,0.58,0.86,0.95,1,90000,0.005,0.01,0.04,0.14,0.28,0.5,0.85,0.99,1,1,109391,0,0.01,0.03,0.09,0.2,0.4,0.68,0.9,1,1,121936,0.005,0.053,0.085,0.175,0.47,0.6,0.75,0.94,0.99,1,1,96736,0.01,0.02,0.03,0.1,0.3,0.55,0.7,0.95,1,1,"90000","0.01","0.03","0.04","0.07","0.13","0.17","0.22","0.38","0.56","0.8","0.88","0.975","90000","0.01","0.03","0.07","0.15","0.32","0.55","0.68","0.72","0.82","0.92","0.98",70000,0,0.02,0.03,0.08,0.16,0.3,0.5,0.7,0.82,0.95,0.99,90000,0.005,0.01,0.02,0.05,0.09,0.18,0.28,0.5,0.62,0.75,0.85,0.92,0.99,1,147945,0.015,0.04,0.05,0.15,0.23,0.4,0.45,0.66,0.75,0.93,0.97,0.99,1,1,113807,0,0.012,0.03,0.07,0.1,0.15,0.28,0.41,0.55,0.78,0.89,0.99,1,1
38,"Primavera_do_Leste",210000,1,1,230000,0.01,0.04,0.08,0.18,0.28,0.5,0.68,0.85,0.97,0.995,1,238000,0.01,0.02,0.08,0.16,0.22,0.48,0.72,0.92,0.97,0.99,242760,0.01,0.04,0.18,0.35,0.56,0.71,0.88,0.96,1,1,260000,0.01,0.02,0.12,0.25,0.45,0.65,0.7,0.9,0.95,1,1,272840,0.002,0.019,0.027,0.085,0.21,0.5,0.72,0.87,0.99,1,1,1,272860,0.003,0.015,0.08,0.1,0.11,0.18,0.35,0.63,0.85,0.96,0.995,1,1,210000,0,0.005,0.01,0.03,0.05,0.07,0.1,0.22,0.38,0.5,0.68,0.82,0.91,0.97,240000,0.01,0.02,0.05,0.08,0.2,0.26,0.36,0.55,0.6,0.85,0.97,0.99,0.99,1,1,248000,0,0.005,0.01,0.03,0.06,0.1,0.15,0.22,0.27,0.42,0.6,0.78,0.9,0.98,0.99,250000,0.005,0.015,0.04,0.06,0.1,0.2,0.3,0.52,0.62,0.75,0.9,0.97,1,1,1,260000,0.003,0.04,0.08,0.1,0.2,0.27,0.43,0.58,0.85,0.94,0.99,1,1,1,1,271502,0.02,0.05,0.084,0.15,0.24,0.37,0.46,0.62,0.81,0.93,0.98,0.99,1,1,1,271502,0.035,0.05,0.1,0.14,0.19,0.25,0.4,0.55,0.64,0.79,0.92,0.97,0.99,0.997,1,1,1,"80000","0","0.01","0.06","0.16","0.18","0.25","0.42","0.78","0.99",80000,0.015,0.03,0.12,0.3,0.4,0.58,0.7,0.95,0.99,1,75000,0.01,0.03,0.12,0.32,0.4,0.6,0.84,0.97,1,1e+05,0,0.005,0.04,0.15,0.25,0.45,0.7,0.9,0.98,1,121545,0,0.01,0.02,0.04,0.1,0.26,0.55,0.86,0.96,1,125506,0.035,0.071,0.1,0.18,0.38,0.53,0.72,0.84,0.99,0.995,1,108601,0.01,0.07,0.1,0.12,0.15,0.325,0.53,0.675,1,1,"80000","0.01","0.02","0.04","0.08","0.15","0.22","0.26","0.45","0.65","0.84","0.9","0.97","80000","0.01","0.02","0.05","0.13","0.3","0.5","0.66","0.75","0.85","0.95","0.99",80000,0,0.03,0.05,0.08,0.17,0.3,0.58,0.75,0.85,0.97,0.99,1e+05,0.005,0.01,0.025,0.045,0.07,0.12,0.22,0.45,0.57,0.74,0.82,0.91,0.99,1,164384,0,0.02,0.04,0.1,0.15,0.33,0.4,0.67,0.7,0.88,0.94,0.96,0.99,1,122176,0,0,0.025,0.05,0.09,0.18,0.3,0.45,0.68,0.8,0.93,1,1,1
39,"Alto_Garcas_e_Alto_Taquari",119246,0.95,1,122000,0,0.02,0.08,0.16,0.25,0.44,0.56,0.75,0.95,0.98,1,130000,0,0.01,0.04,0.2,0.28,0.4,0.65,0.82,0.92,0.96,133700,0,0.03,0.14,0.4,0.5,0.62,0.75,0.86,0.98,1,141112,0,0.005,0.03,0.15,0.3,0.38,0.47,0.62,0.9,0.98,1,82806,0,0,0,0.04,0.23,0.4,0.7,0.81,0.89,0.98,0.995,1,85692,0.004,0.015,0.02,0.06,0.07,0.16,0.37,0.65,0.85,0.92,0.965,0.99,1,119246,0,0,0,0.03,0.04,0.06,0.07,0.13,0.25,0.46,0.5,0.57,0.65,0.74,130000,0.01,0.03,0.07,0.1,0.15,0.18,0.22,0.32,0.38,0.55,0.8,0.97,0.99,0.99,1,130000,0,0.002,0.005,0.01,0.06,0.09,0.18,0.26,0.37,0.42,0.53,0.76,0.91,0.94,0.96,130000,0.003,0.005,0.01,0.04,0.06,0.16,0.27,0.46,0.55,0.68,0.78,0.88,0.95,0.99,1,141112,0,0.025,0.07,0.09,0.14,0.24,0.35,0.5,0.65,0.78,0.9,0.98,1,1,1,85265,0.005,0.02,0.08,0.155,0.25,0.33,0.39,0.51,0.63,0.8,0.88,0.93,0.97,0.99,1,95497,0.025,0.06,0.1,0.12,0.17,0.22,0.29,0.4,0.65,0.8,0.85,0.93,0.96,0.98,0.99,1,1,"9000","0","0.02","0.04","0.06","0.07","0.1","0.2","0.65","0.9",10000,0.01,0.05,0.09,0.2,0.25,0.45,0.7,0.95,1,1,10000,0,0.04,0.1,0.25,0.6,0.7,0.98,0.98,1,10800,0,0.01,0.02,0.06,0.2,0.3,0.5,0.85,0.95,1,13127,0,0.005,0.01,0.03,0.09,0.24,0.45,0.75,0.95,1,28982,0,0.01,0.07,0.15,0.41,0.56,0.7,0.99,1,1,1,27694,0.005,0.01,0.045,0.06,0.125,0.2,0.75,0.9,0.975,1,"32000","0","0","0","0.01","0.03","0.04","0.1","0.15","0.28","0.55","0.62","0.72","30000","0","0.02","0.05","0.12","0.35","0.58","0.65","0.69","0.78","0.88","0.95",10000,0,0.02,0.03,0.08,0.13,0.27,0.45,0.7,0.85,0.95,0.98,10800,0,0,0.005,0.02,0.05,0.09,0.2,0.4,0.51,0.71,0.8,0.95,0.99,1,17753,0,0.01,0.02,0.12,0.22,0.37,0.45,0.65,0.68,0.78,0.9,0.95,1,1,25580,0,0,0.015,0.045,0.08,0.12,0.2,0.3,0.45,0.55,0.75,0.9,0.95,1
40,"Jaciara_e_Juscimeira",29250,1,1,68000,0,0.02,0.08,0.15,0.32,0.52,0.66,0.88,0.98,0.995,1,68000,0,0.01,0.05,0.3,0.4,0.5,0.8,0.9,0.98,1,70500,0,0.02,0.12,0.225,0.5,0.65,0.78,0.93,0.99,1,83590,0,0.005,0.03,0.16,0.3,0.4,0.5,0.67,0.95,0.99,1,41487,0,0,0.003,0.07,0.18,0.4,0.6,0.87,0.95,0.99,0.995,1,41902,0.002,0.015,0.08,0.1,0.11,0.17,0.4,0.73,0.95,0.98,1,1,1,29250,0,0,0,0.02,0.03,0.07,0.15,0.2,0.33,0.53,0.62,0.7,0.82,0.9,68000,0,0.01,0.05,0.08,0.18,0.34,0.42,0.58,0.7,0.9,0.99,1,1,1,1,77000,0,0.003,0.005,0.01,0.09,0.12,0.2,0.32,0.5,0.58,0.7,0.82,0.97,0.98,0.99,77000,0,0.005,0.01,0.05,0.1,0.18,0.28,0.4,0.58,0.75,0.86,0.92,0.96,0.99,1,83590,0,0.005,0.06,0.1,0.15,0.23,0.38,0.55,0.66,0.9,0.97,0.99,1,1,1,41487,0,0.03,0.043,0.07,0.27,0.34,0.48,0.53,0.73,0.87,0.97,0.98,0.99,1,1,41902,0.02,0.055,0.09,0.11,0.18,0.23,0.33,0.45,0.6,0.8,0.88,0.95,0.97,1,1,1,1,"15000","0","0.025","0.05","0.1","0.14","0.24","0.35","0.7","0.98",20000,0,0.08,0.13,0.32,0.6,0.75,0.85,0.92,1,1,12000,0,0.07,0.2,0.4,0.45,0.68,0.9,0.98,1,29200,0,0.01,0.02,0.09,0.28,0.38,0.6,0.9,0.98,1,35491,0,0,0.01,0.03,0.08,0.25,0.42,0.73,0.98,1,14520,0,0.01,0.04,0.18,0.5,0.64,0.75,0.94,0.99,0.99,1,10475,0.007,0.025,0.035,0.07,0.25,0.37,0.62,0.925,1,1,"27000","0","0","0.01","0.02","0.05","0.07","0.15","0.38","0.55","0.75","0.85","0.96","20000","0","0.01","0.04","0.12","0.38","0.65","0.8","0.88","0.92","0.97","1",12000,0,0.01,0.02,0.07,0.15,0.3,0.52,0.72,0.83,0.98,1,29200,0,0,0.02,0.04,0.06,0.09,0.23,0.4,0.55,0.72,0.8,0.95,0.99,1,21370,0,0,0.005,0.1,0.18,0.35,0.43,0.58,0.66,0.77,0.86,0.96,1,1,13691,0.005,0.015,0.035,0.08,0.12,0.18,0.32,0.5,0.59,0.78,0.9,0.99,1,1
41,"Santo_Antonio_do_Leste",119000,1,1,125000,0.005,0.03,0.09,0.16,0.32,0.46,0.63,0.8,0.95,0.99,1,125000,0,0.01,0.04,0.2,0.3,0.5,0.68,0.8,0.92,1,128500,0,0.05,0.1,0.3,0.6,0.75,0.85,0.92,1,1,135618,0,0.01,0.05,0.18,0.31,0.48,0.55,0.7,0.95,0.99,1,149119,0,0,0.003,0.07,0.23,0.45,0.66,0.88,0.96,0.99,0.995,1,152400,0.002,0.015,0.08,0.1,0.11,0.18,0.46,0.75,0.95,0.98,1,1,1,119000,0,0,0,0.02,0.03,0.07,0.11,0.23,0.35,0.52,0.64,0.78,0.88,0.96,125000,0,0.01,0.04,0.07,0.12,0.2,0.3,0.48,0.58,0.75,0.9,0.99,0.99,1,1,125000,0,0.005,0.008,0.025,0.07,0.1,0.18,0.24,0.35,0.5,0.65,0.79,0.915,0.94,0.95,125000,0,0.01,0.045,0.06,0.09,0.19,0.28,0.4,0.53,0.73,0.84,0.92,0.99,1,1,135618,0,0.025,0.09,0.11,0.15,0.26,0.41,0.6,0.68,0.9,0.97,0.99,1,1,1,149119,0,0.03,0.043,0.07,0.27,0.34,0.48,0.53,0.73,0.87,0.97,0.98,0.99,1,1,149119,0.02,0.055,0.09,0.11,0.18,0.23,0.33,0.45,0.6,0.8,0.88,0.95,0.97,1,1,1,1,NA,NA,NA,NA,NA,NA,NA,NA,NA,NA,25000,0.01,0.04,0.12,0.25,0.5,0.72,0.9,0.95,0.99,1,25000,0.005,0.03,0.12,0.32,0.42,0.65,0.9,0.96,1,28000,0,0,0.03,0.13,0.27,0.4,0.68,0.92,0.98,1,34033,0,0.005,0.01,0.04,0.08,0.22,0.46,0.77,0.97,1,52192,0,0.01,0.04,0.18,0.5,0.64,0.75,0.88,0.96,0.99,1,44736,0.007,0.025,0.035,0.07,0.25,0.37,0.62,0.925,1,1,"22000","0","0.02","0.03","0.06","0.1","0.15","0.2","0.33","0.5","0.7","0.9","0.97","25000","0","0.01","0.04","0.12","0.35","0.68","0.82","0.88","0.95","0.99","1",25000,0,0.02,0.03,0.08,0.17,0.3,0.6,0.75,0.84,0.98,1,28000,0,0,0.01,0.025,0.06,0.1,0.25,0.47,0.56,0.75,0.83,0.96,0.99,1,46027,0,0,0.005,0.1,0.2,0.35,0.43,0.58,0.66,0.77,0.86,0.96,1,1,49209,0.005,0.015,0.035,0.08,0.12,0.18,0.32,0.5,0.59,0.78,0.9,0.99,1,1
42,"Others_Sudeste",663274,0.99,1,725000,0.005,0.02,0.09,0.22,0.28,0.4,0.65,0.78,0.98,0.99,1,720600,0,0.01,0.04,0.16,0.25,0.42,0.58,0.78,0.88,0.96,789708,0,0.04,0.15,0.45,0.5,0.75,0.85,0.95,0.99,1,819523,0.005,0.01,0.05,0.16,0.35,0.5,0.61,0.76,0.96,1,1,928156,0.001,0.003,0.004,0.08,0.22,0.47,0.7,0.86,0.95,0.99,0.997,1,1098728,0.003,0.01,0.04,0.08,0.09,0.18,0.4,0.7,0.88,0.96,0.99,1,1,663274,0,0,0,0.036,0.05,0.1,0.11,0.2,0.34,0.5,0.63,0.77,0.85,0.89,727600,0.005,0.01,0.03,0.08,0.15,0.23,0.3,0.45,0.6,0.8,0.92,0.99,0.99,0.99,1,753400,0,0.005,0.01,0.03,0.05,0.1,0.18,0.25,0.4,0.5,0.7,0.82,0.94,0.98,0.99,755400,0.001,0.005,0.01,0.05,0.08,0.18,0.28,0.45,0.58,0.78,0.88,0.92,0.98,0.99,1,819524,0,0.03,0.1,0.11,0.16,0.25,0.45,0.61,0.7,0.9,0.97,0.99,1,1,1,928156,0.005,0.04,0.04,0.06,0.25,0.35,0.47,0.58,0.7,0.87,0.96,0.97,0.98,0.99,1,1058415,0.02,0.06,0.1,0.13,0.19,0.27,0.36,0.487,0.65,0.8,0.88,0.97,0.99,0.995,0.998,1,1,"182700","0","0.02","0.04","0.12","0.13","0.23","0.38","0.7","0.95",193400,0.01,0.05,0.08,0.28,0.55,0.68,0.82,0.95,0.99,1,210500,0.005,0.015,0.1,0.4,0.55,0.7,0.9,0.99,1,199620,0,0,0.03,0.1,0.26,0.4,0.68,0.9,0.98,1,242629,0,0.005,0.01,0.05,0.1,0.27,0.5,0.8,0.95,1,324855,0,0.01,0.04,0.13,0.4,0.55,0.71,0.9,0.98,1,1,317524,0.005,0.02,0.05,0.085,0.21,0.36,0.65,0.875,0.995,1,"150400","0","0.02","0.03","0.05","0.08","0.14","0.2","0.3","0.45","0.65","0.78","0.9","173400","0","0.01","0.05","0.15","0.3","0.55","0.68","0.73","0.8","0.9","0.96",205500,0,0.01,0.04,0.07,0.13,0.27,0.5,0.75,0.85,0.99,1,199620,0,0,0.01,0.02,0.065,0.11,0.24,0.46,0.56,0.75,0.85,0.94,0.99,1,344681,0,0,0.025,0.12,0.2,0.35,0.43,0.63,0.69,0.89,0.91,0.965,0.998,1,306482,0.002,0.008,0.02,0.05,0.1,0.16,0.28,0.4,0.57,0.74,0.87,0.98,1,1
43,"Mato_Grosso",5547197,0.981,0.998,6072700,0.021,0.05,0.14,0.224,0.368,0.511,0.679,0.819,0.928,0.969,0.991,6146300,0.004,0.017,0.067,0.164,0.311,0.492,0.71,0.867,0.941,0.989,6782061,0.013,0.056,0.218,0.399,0.581,0.754,0.859,0.939,0.983,0.998,7890957,0.006,0.017,0.086,0.173,0.328,0.503,0.625,0.778,0.885,0.974,1,8296025,0.003,0.008,0.014,0.091,0.274,0.506,0.717,0.86,0.931,0.972,0.994,1,8866239,0.003,0.017,0.045,0.083,0.093,0.201,0.405,0.669,0.841,0.931,0.98,0.995,1,5547197,0.006,0.012,0.031,0.054,0.098,0.175,0.204,0.352,0.5,0.63,0.767,0.86,0.91,0.95,6206450,0.015,0.027,0.065,0.099,0.173,0.251,0.343,0.5,0.621,0.77,0.913,0.98,0.987,0.991,0.998,6412500,0.003,0.007,0.013,0.028,0.073,0.113,0.183,0.256,0.387,0.5,0.666,0.811,0.925,0.976,0.992,7072270,0.004,0.012,0.027,0.058,0.108,0.242,0.347,0.516,0.649,0.803,0.894,0.944,0.974,0.993,1,7890963,0.01,0.028,0.071,0.114,0.172,0.268,0.431,0.587,0.734,0.852,0.926,0.965,0.991,0.998,1,8322523,0.019,0.042,0.058,0.106,0.217,0.364,0.473,0.585,0.715,0.846,0.925,0.958,0.985,0.997,1,8944938,0.02,0.041,0.076,0.104,0.17,0.249,0.349,0.537,0.675,0.805,0.883,0.94,0.975,0.986,0.996,0.998,1,"1413940","0.009","0.022","0.141","0.25","0.332","0.6","0.73","0.903","0.99",1774350,0.019,0.069,0.118,0.271,0.49,0.705,0.851,0.961,0.991,1,1800108,0.012,0.035,0.133,0.346,0.458,0.725,0.913,0.989,1,2424820,0.002,0.009,0.03,0.121,0.43,0.577,0.817,0.953,0.994,1,2787925,0.003,0.012,0.028,0.1,0.2,0.409,0.637,0.878,0.98,1,3240768,0.009,0.038,0.078,0.16,0.459,0.579,0.747,0.916,0.977,0.998,1,2965781,0.0095,0.032,0.082,0.129,0.236,0.402,0.647,0.856,0.985,1,"1687050","0.023","0.067","0.111","0.208","0.34","0.445","0.587","0.727","0.834","0.915","0.951","0.98","2002070","0.02","0.062","0.121","0.248","0.411","0.66","0.8","0.864","0.921","0.975","0.994",1752108,0.01,0.026,0.05,0.146,0.275,0.446,0.668,0.85,0.933,0.992,0.999,2504820,0.002,0.005,0.019,0.045,0.083,0.144,0.272,0.503,0.662,0.801,0.896,0.967,0.996,1,3600208,0.007,0.026,0.042,0.128,0.237,0.392,0.558,0.744,0.815,0.91,0.953,0.984,0.999,1,3222192,0.013,0.027,0.051,0.093,0.208,0.328,0.48,0.658,0.788,0.903,0.961,0.993,0.999,1
